year_month,cloud_provider,account_id,environment,total_list_cost,total_net_cost,total_on_demand_cost,total_amortized_cost,total_forecast_monthly_cost,total_budget_amount,avg_budget_utilization_pct,avg_cost_variance_7d_pct,avg_cost_variance_30d_pct,anomaly_count,row_count
2023-01,AWS,acct-001,dev,63.107,50.4157,38.2675,47.3696,183.625,165763.3,0.0011699999999999998,0.053215,-0.066015,0,20
2023-01,AWS,acct-001,prod,1180.0953,940.3548,363.3927,815.1078,3940.3861,5176122.24,0.000795,0.020946,0.061559,0,100
2023-01,AWS,acct-001,staging,185.857,140.6163,69.5039,120.62870000000001,618.6297,522613.77,0.001161764705882353,-0.06342352941176471,0.06994117647058824,0,34
2023-01,AWS,acct-002,dev,86.5644,66.857,50.215199999999996,61.8317,191.25639999999999,206968.52,0.000964,0.066108,0.04482,0,25
2023-01,AWS,acct-002,prod,1019.8126,783.3832,295.2808,670.195,3601.4589,4962704.29,0.0007416666666666666,0.016754166666666667,0.053826041666666664,0,96
2023-01,AWS,acct-002,staging,171.75310000000002,131.4405,72.0006,113.47710000000001,399.4506,509629.81,0.0007666666666666667,0.06933030303030303,0.05109090909090909,0,33
2023-01,AWS,acct-003,dev,53.2203,41.2397,33.170700000000004,38.3192,83.46979999999999,139176.32,0.0006117647058823529,0.08398235294117647,0.04197058823529412,0,17
2023-01,AWS,acct-003,prod,1139.645,878.9604,336.5926,761.8767,4366.0901,4644827.78,0.000948888888888889,0.060118888888888895,0.04688666666666666,0,90
2023-01,AWS,acct-003,staging,247.7348,187.667,93.8608,168.103,982.692,709281.58,0.0014130434782608696,0.037710869565217395,0.04664782608695652,0,46
2023-01,AWS,acct-004,dev,105.2106,81.9415,60.1187,74.0154,144.461,209604.24,0.0007,0.07169615384615384,-0.04156923076923077,0,26
2023-01,AWS,acct-004,prod,1144.027,898.9189,292.7355,771.9718,3472.336,5037744.35,0.0006734693877551021,0.03737142857142857,0.08383265306122449,0,98
2023-01,AWS,acct-004,staging,146.5813,111.7106,57.998599999999996,97.37,585.4662,524392.26,0.0011588235294117647,0.06085588235294118,0.08331470588235294,0,34
2023-01,AWS,acct-005,dev,61.7106,45.9627,32.8758,42.2036,168.4187,199093.63999999998,0.0008874999999999999,0.08111249999999999,0.09962083333333334,0,24
2023-01,AWS,acct-005,prod,1027.6962,809.1083,265.4541,690.4917,4906.7526,4910972.75,0.001011340206185567,0.04887010309278351,0.0217680412371134,0,97
2023-01,AWS,acct-005,staging,203.73329999999999,159.3051,96.3015,144.0111,594.5829,587136.75,0.001031578947368421,0.07708421052631578,0.04263157894736842,0,38
2023-01,AWS,acct-006,dev,37.5746,27.026999999999997,19.852800000000002,24.9781,65.7372,101344.55,0.0006416666666666666,0.09095833333333332,0.024950000000000003,0,12
2023-01,AWS,acct-006,prod,966.8389,748.8881,334.6626,659.2273,3680.8355,4657708.59,0.000821111111111111,0.06479888888888889,0.04923444444444444,0,90
2023-01,AWS,acct-006,staging,180.2888,141.924,82.8103,128.4627,607.5035,516564.14,0.0011470588235294118,0.025444117647058822,0.12747058823529414,0,34
2023-01,AWS,acct-007,dev,68.051,51.5427,40.3154,49.1287,169.6342,162049.44,0.0010578947368421053,0.08293157894736841,0.06369999999999999,0,19
2023-01,AWS,acct-007,prod,1147.982,891.7749,294.9448,764.382,4330.8729,5303095.91,0.0008596153846153846,0.058702884615384615,0.07181057692307692,0,104
2023-01,AWS,acct-007,staging,191.3183,146.7792,79.585,129.879,345.3926,560950.65,0.0006108108108108109,0.09682432432432432,0.06741081081081082,0,37
2023-01,AWS,acct-008,dev,76.773,58.634100000000004,43.7096,55.4666,158.76659999999998,203484.7,0.000772,0.08295999999999999,0.114364,0,25
2023-01,AWS,acct-008,prod,1179.5936,900.1943,316.8893,773.1193,3665.2479,4877477.9,0.0007884210526315789,0.03299789473684211,0.025485263157894737,0,95
2023-01,AWS,acct-008,staging,245.4533,190.3724,106.96940000000001,170.6908,500.1495,691137.04,0.0007222222222222223,0.02959777777777778,0.037157777777777776,0,45
2023-01,AWS,acct-009,dev,75.8611,56.3862,42.9847,52.1417,149.0543,216585.69,0.000673076923076923,0.09495769230769231,0.059550000000000006,0,26
2023-01,AWS,acct-009,prod,1306.176,991.9319,352.4894,853.8659,4046.6796,5572392.35,0.0007504587155963302,0.07817064220183487,0.05074862385321101,0,109
2023-01,AWS,acct-009,staging,151.6898,116.65,66.3599,103.762,266.8285,439725.09,0.0006103448275862069,0.0824103448275862,0.0519448275862069,0,29
2023-01,AWS,acct-010,dev,64.8885,49.1212,34.3715,45.2044,435.21200000000005,138886.94,0.0032944444444444445,0.06253888888888888,0.0746,0,18
2023-01,AWS,acct-010,prod,1046.1939,810.7156,244.4657,684.8709,2649.8363,4845637.01,0.0005473684210526316,0.049761052631578956,0.09745473684210527,0,95
2023-01,AWS,acct-010,staging,211.891,171.6583,83.9926,150.8105,586.8813,485389.11,0.001235483870967742,0.054200000000000005,-0.02715161290322581,0,31
2023-01,Azure,acct-001,dev,64.0704,50.727000000000004,38.2903,47.175,522.6334999999999,182420.73,0.0028782608695652172,0.01030869565217391,0.16966521739130433,0,23
2023-01,Azure,acct-001,prod,916.8339,703.7923,234.88309999999998,604.3659,2550.9076999999997,4293212.0,0.0005926829268292684,0.07400853658536585,0.030785365853658535,0,82
2023-01,Azure,acct-001,staging,267.1456,217.49259999999998,127.9679,194.304,649.973,728391.43,0.0008893617021276595,0.07355531914893618,0.06904042553191489,0,47
2023-01,Azure,acct-002,dev,96.0541,71.40859999999999,53.194,66.0926,260.1994,237578.53,0.0011206896551724137,0.056834482758620686,0.009906896551724142,0,29
2023-01,Azure,acct-002,prod,1015.8435,780.4926,289.6353,674.1914,3008.6643,4943232.71,0.0006288659793814433,0.08519072164948455,0.059510309278350514,0,97
2023-01,Azure,acct-002,staging,246.8138,193.7604,109.2534,174.0301,614.7953,733364.79,0.0008395833333333333,0.048025000000000005,0.04700416666666667,0,48
2023-01,Azure,acct-003,dev,51.1221,38.672,31.0638,36.1029,167.1619,158959.97,0.00108,0.057330000000000006,-0.05718500000000001,0,20
2023-01,Azure,acct-003,prod,1038.3255,771.9355,261.5604,664.9374,3141.4769,4837547.75,0.0006536842105263159,0.06289473684210525,0.06500736842105263,0,95
2023-01,Azure,acct-003,staging,155.8579,118.7807,68.5373,104.6624,451.2436,528179.0,0.0009176470588235293,0.04626470588235294,0.05426764705882353,0,34
2023-01,Azure,acct-004,dev,53.3178,42.0136,32.447,39.6145,102.96549999999999,135447.32,0.0007999999999999999,0.07985624999999999,0.17633749999999998,0,16
2023-01,Azure,acct-004,prod,880.5874,683.4909,256.4276,593.0466,2387.3797,4643608.7299999995,0.0005163043478260869,0.051175,0.06351847826086957,0,92
2023-01,Azure,acct-004,staging,221.7672,167.2905,94.9338,150.161,640.5285,637184.45,0.000973170731707317,0.021717073170731706,0.01435609756097561,0,41
2023-01,Azure,acct-005,dev,63.4493,47.4946,37.3836,43.8754,196.5875,200174.35,0.00096,0.056948,0.038636,0,25
2023-01,Azure,acct-005,prod,860.7505,648.3126,216.2072,557.468,2436.431,4223382.25,0.0005988095238095238,0.07510595238095238,0.038983333333333335,0,84
2023-01,Azure,acct-005,staging,241.3978,186.4976,100.2208,159.9968,461.087,708866.13,0.0006782608695652173,0.057441304347826086,-0.007995652173913044,0,46
2023-01,Azure,acct-006,dev,47.7035,35.2145,26.9767,32.3266,195.7029,147708.45,0.0013,0.07628333333333333,-0.032350000000000004,0,18
2023-01,Azure,acct-006,prod,949.1205,749.0628,313.349,654.7568,3019.8963,4973618.2,0.0005958333333333333,0.03847604166666667,0.04552604166666666,0,96
2023-01,Azure,acct-006,staging,258.9597,205.3366,103.3589,178.1346,575.1948,673672.3,0.0008500000000000001,0.07558181818181818,-0.00037954545454545185,0,44
2023-01,Azure,acct-007,dev,53.3832,41.7158,31.0864,36.9434,136.7954,206261.34,0.000684,0.028908,0.0033079999999999954,0,25
2023-01,Azure,acct-007,prod,1180.033,923.3871,344.019,803.3651,3019.0877,5258162.95,0.0005786407766990292,0.08454466019417475,0.027250485436893204,0,103
2023-01,Azure,acct-007,staging,246.9539,191.4398,97.6905,164.2624,807.1536,621077.35,0.0013700000000000001,0.10017000000000001,0.013497499999999999,0,40
2023-01,Azure,acct-008,dev,65.4678,51.442,38.6766,48.4751,239.21269999999998,162514.18,0.0015300000000000001,0.09153,0.0070750000000000006,0,20
2023-01,Azure,acct-008,prod,998.4977,790.0961,331.9707,693.0031,2767.5877,4417930.01,0.0006372093023255814,0.030575581395348835,0.06883488372093023,0,86
2023-01,Azure,acct-008,staging,203.4655,156.9068,75.5134,137.2065,509.7056,612329.25,0.0008399999999999999,0.046455,0.013919999999999998,0,40
2023-01,Azure,acct-009,dev,48.4127,39.0259,28.1333,35.3159,111.2755,133237.2,0.00088125,0.03168125,0.05655,0,16
2023-01,Azure,acct-009,prod,998.9162,773.3242,270.1702,663.9951,2835.8665,4652994.47,0.0006032967032967032,0.07775714285714286,0.08346593406593407,0,91
2023-01,Azure,acct-009,staging,174.487,135.213,65.5328,114.5827,920.2615,428372.84,0.002175862068965517,-0.006662068965517239,0.02633103448275862,0,29
2023-01,Azure,acct-010,dev,90.9524,72.08070000000001,51.3268,67.2002,446.362,205275.38999999998,0.002208,0.06762800000000001,-0.0024,0,25
2023-01,Azure,acct-010,prod,866.3796,658.5272,241.60819999999998,572.4336,2606.1349,4658111.97,0.0005692307692307692,0.04804615384615385,0.019909890109890114,0,91
2023-01,Azure,acct-010,staging,237.5772,185.4203,103.0595,164.437,800.217,693352.76,0.001191111111111111,0.05913111111111112,0.024677777777777778,0,45
2023-01,GCP,acct-001,dev,81.05799999999999,62.676,50.6763,58.0422,140.265,193047.79,0.0007304347826086956,0.06592608695652173,0.019052173913043476,0,23
2023-01,GCP,acct-001,prod,964.4916,750.0542,265.0734,645.5124,3099.65,5147221.54,0.0006140000000000001,0.077983,0.0707,0,100
2023-01,GCP,acct-001,staging,202.9403,155.6232,93.7263,139.431,564.6496,553163.11,0.0009944444444444445,0.039636111111111115,-0.02560833333333333,0,36
2023-01,GCP,acct-002,dev,85.921,68.868,51.4106,65.34479999999999,239.0257,216715.8,0.001096153846153846,0.12948076923076923,0.013034615384615388,0,26
2023-01,GCP,acct-002,prod,725.5303,567.8237,208.7752,489.9064,2769.1406,3776590.55,0.0007513513513513513,0.018986486486486487,0.05494054054054054,0,74
2023-01,GCP,acct-002,staging,184.9996,143.479,83.7253,129.6885,527.058,566659.99,0.000927027027027027,0.035140540540540534,0.05084594594594595,0,37
2023-01,GCP,acct-003,dev,65.6,51.6331,38.462,48.860800000000005,158.0668,189051.97,0.0008434782608695653,0.09854782608695652,0.09241304347826086,0,23
2023-01,GCP,acct-003,prod,1106.6384,887.0613,316.2878,765.5047,3396.0038,5490755.12,0.000618867924528302,0.06690094339622642,0.07340188679245284,0,106
2023-01,GCP,acct-003,staging,162.4634,126.6923,57.3539,109.4964,468.5245,504257.4,0.0009323529411764705,0.06931470588235294,0.1078735294117647,0,34
2023-01,GCP,acct-004,dev,68.5284,53.583200000000005,40.5524,48.9116,149.0244,174629.16,0.0008363636363636364,0.07548181818181819,0.009454545454545453,0,22
2023-01,GCP,acct-004,prod,875.0509,662.7173,208.7505,556.9018,3160.0592,4814247.3,0.0006580645161290323,0.04982258064516129,0.04077204301075269,0,93
2023-01,GCP,acct-004,staging,211.2342,163.6341,82.8654,140.6471,584.3384,656626.69,0.0008906976744186047,0.04641860465116279,0.024555813953488374,0,43
2023-01,GCP,acct-005,dev,58.3515,45.8348,34.6221,41.8768,152.9235,172379.98,0.0009047619047619047,0.07442857142857143,-0.01560476190476191,0,21
2023-01,GCP,acct-005,prod,904.2523,705.0563999999999,226.1663,600.8035,2635.7975,4578830.88,0.0005876404494382022,0.03153595505617978,0.09964719101123597,0,89
2023-01,GCP,acct-005,staging,220.2312,168.4921,83.1443,145.4347,552.4967,625487.84,0.0008829268292682926,0.05919268292682926,0.08237804878048781,0,41
2023-01,GCP,acct-006,dev,57.1049,44.2453,32.2128,40.2911,255.1154,162621.88,0.0015699999999999998,-0.0076100000000000004,0.090815,0,20
2023-01,GCP,acct-006,prod,1037.6836,810.9404,288.3703,695.7612,2998.6984,5475260.68,0.000549056603773585,0.03582830188679245,0.0268688679245283,0,106
2023-01,GCP,acct-006,staging,240.6126,186.5899,97.9063,160.4776,779.0166,705284.33,0.0010755555555555555,0.056397777777777776,0.02574,0,45
2023-01,GCP,acct-007,dev,53.3957,40.9478,30.4151,37.2786,219.8075,144980.01,0.0014611111111111112,0.02667777777777778,-0.008,0,18
2023-01,GCP,acct-007,prod,947.325,708.15,250.666,609.3081,3297.3947,4388155.14,0.0007954022988505747,0.09150919540229886,0.04396206896551724,0,87
2023-01,GCP,acct-007,staging,133.536,106.9643,57.6731,95.5339,760.6833,499065.57,0.00153125,0.03547187499999999,0.04404375,0,32
2023-01,GCP,acct-008,dev,57.4659,41.2871,30.4952,36.5296,118.5604,160083.82,0.000735,0.060405,-0.051660000000000005,0,20
2023-01,GCP,acct-008,prod,803.2094,638.423,230.7332,550.4009,2770.6403,4046316.9,0.0007050632911392405,0.004310126582278482,0.07221772151898734,0,79
2023-01,GCP,acct-008,staging,293.5748,229.2009,131.3844,200.1487,1432.9533999999999,839716.1,0.0017,0.06871636363636363,0.014761818181818183,0,55
2023-01,GCP,acct-009,dev,85.8867,65.8371,50.9425,62.2344,163.0119,195127.25,0.0008250000000000001,0.023570833333333333,-0.0018916666666666674,0,24
2023-01,GCP,acct-009,prod,1031.1406,793.0765,295.1254,684.5208,4014.07,5238910.16,0.0007893203883495146,0.0466126213592233,0.05751747572815534,0,103
2023-01,GCP,acct-009,staging,224.039,174.2287,98.4434,152.6573,797.1843,587209.33,0.0012947368421052632,0.04038684210526316,-0.004563157894736842,0,38
2023-01,GCP,acct-010,dev,65.6044,50.7768,37.5043,43.9819,160.3042,190292.77000000002,0.0008217391304347826,0.039291304347826086,0.043321739130434786,0,23
2023-01,GCP,acct-010,prod,1036.8101,811.0986,297.7213,704.7921,2046.1721,5045278.75,0.00040612244897959187,0.03863469387755102,0.08834795918367346,0,98
2023-01,GCP,acct-010,staging,214.7473,159.765,86.9858,139.7983,879.1711,604718.3,0.0014435897435897437,0.025235897435897433,0.00927179487179487,0,39
2023-02,AWS,acct-001,dev,121.1358,95.0809,69.3583,86.4177,258.92040000000003,253155.26,0.001032258064516129,0.04944516129032258,0.04071290322580645,0,31
2023-02,AWS,acct-001,prod,1127.1942,887.7045,317.7824,763.2341,3346.5135,4853946.02,0.0006861702127659575,0.06041595744680851,0.03943936170212766,0,94
2023-02,AWS,acct-001,staging,191.213,152.482,71.1691,130.0078,535.9162,503278.15,0.001071875,0.07303125,0.044496875,0,32
2023-02,AWS,acct-002,dev,89.9252,72.9723,57.0662,66.7442,348.0775,184848.03,0.0018363636363636362,0.07762727272727273,0.19858636363636364,0,22
2023-02,AWS,acct-002,prod,1156.3863000000001,915.5225,315.8515,794.3109,3421.8633,4639312.79,0.0007483146067415731,0.04496516853932584,0.041195505617977524,0,89
2023-02,AWS,acct-002,staging,265.096,210.44480000000001,109.481,177.1216,563.0184,590774.12,0.0009461538461538462,0.05604615384615384,0.044651282051282055,0,39
2023-02,AWS,acct-003,dev,64.6043,49.2037,35.6593,45.8442,146.9769,145996.49,0.0010222222222222221,0.0633,0.21450555555555556,0,18
2023-02,AWS,acct-003,prod,1084.3218,851.5067,308.6063,749.5184,3091.0811000000003,4226711.59,0.0007271604938271605,0.05820740740740741,0.05421851851851852,0,81
2023-02,AWS,acct-003,staging,193.1688,152.8682,70.7574,132.3829,915.8973,491086.42,0.001840625,0.065984375,0.10567499999999999,0,32
2023-02,AWS,acct-004,dev,78.1742,61.6826,51.1525,57.1087,225.9377,177062.08,0.0012772727272727274,0.041740909090909085,0.10816818181818183,0,22
2023-02,AWS,acct-004,prod,869.4350000000001,660.9671,277.831,580.5645,2899.2951,3895111.86,0.0007337662337662338,0.025657142857142858,0.13483896103896104,0,77
2023-02,AWS,acct-004,staging,278.6966,211.8974,123.5727,183.6624,611.9491,728358.88,0.0008574468085106383,0.07149148936170213,0.04044468085106383,0,47
2023-02,AWS,acct-005,dev,84.19669999999999,66.5705,46.669,60.952799999999996,307.416,228514.4,0.001432142857142857,0.17840714285714285,0.11601071428571429,0,28
2023-02,AWS,acct-005,prod,957.406,751.8884,286.8992,648.0861,3373.883,3603472.31,0.0009714285714285715,0.04656,0.019452857142857143,0,70
2023-02,AWS,acct-005,staging,259.6744,205.2957,96.6863,179.7271,749.6137,687582.2,0.0010727272727272727,0.031922727272727276,0.06066590909090908,0,44
2023-02,AWS,acct-006,dev,101.297,80.78659999999999,61.2663,74.5934,410.70169999999996,205811.53,0.001988,0.090076,0.04846,0,25
2023-02,AWS,acct-006,prod,895.2631,703.4642,229.5242,595.6275,2024.6386,3597632.5,0.0005840579710144927,0.0751391304347826,0.07063043478260869,0,69
2023-02,AWS,acct-006,staging,228.2201,176.7699,99.0567,147.9281,715.4984,526321.68,0.0014058823529411765,0.050738235294117646,0.04434117647058824,0,34
2023-02,AWS,acct-007,dev,95.8868,71.6528,54.8589,64.4425,395.0442,198558.68,0.0020708333333333334,0.0008458333333333333,-0.007837499999999999,0,24
2023-02,AWS,acct-007,prod,1046.6798,801.0711,306.1932,689.3141,2946.9832,4065292.27,0.0007250000000000001,0.02392625,0.0732375,0,80
2023-02,AWS,acct-007,staging,243.6128,193.96439999999998,123.5236,172.9071,736.4931,613862.45,0.0012390243902439023,0.03853170731707317,0.1333609756097561,0,41
2023-02,AWS,acct-008,dev,70.5541,53.8746,39.4889,48.641,278.7176,169854.95,0.0016476190476190475,0.06754761904761904,0.06257619047619048,0,21
2023-02,AWS,acct-008,prod,975.3959,756.0161,273.33050000000003,650.5627,2811.1918,4084634.67,0.0007012499999999999,0.03219125,0.0440175,0,80
2023-02,AWS,acct-008,staging,255.524,193.2458,104.5735,170.9312,867.4421,627051.47,0.0014121951219512195,0.039926829268292684,0.06492439024390244,0,41
2023-02,AWS,acct-009,dev,70.5432,56.856300000000005,42.7104,51.0877,281.99379999999996,161745.39,0.001685,0.083995,0.17257499999999998,0,20
2023-02,AWS,acct-009,prod,1021.5196,778.5146,248.8462,660.1189,2635.901,4232827.46,0.0006156626506024096,0.034036144578313256,0.011715662650602409,0,83
2023-02,AWS,acct-009,staging,178.0168,145.8207,81.8934,124.6644,719.692,439132.27999999997,0.001689655172413793,0.06105862068965517,0.014051724137931033,0,29
2023-02,AWS,acct-010,dev,53.8887,44.6934,33.8769,42.216899999999995,377.177,108643.17,0.0034923076923076926,0.1154923076923077,0.08347692307692307,0,13
2023-02,AWS,acct-010,prod,928.2457,714.7778,255.1786,612.0565,2885.2235,3932323.73,0.00075,0.08372368421052633,0.10386973684210526,0,76
2023-02,AWS,acct-010,staging,305.5042,242.1294,145.4256,207.6711,844.0894000000001,671887.8,0.001265909090909091,0.06175454545454546,0.07374318181818182,0,44
2023-02,Azure,acct-001,dev,70.7145,54.0361,41.4592,50.3951,297.5172,162982.85,0.0017950000000000002,0.055349999999999996,0.15223,0,20
2023-02,Azure,acct-001,prod,1022.7334,793.8312999999999,309.2715,693.823,3070.2631,4696874.35,0.0006714285714285714,0.04300769230769231,0.029585714285714288,0,91
2023-02,Azure,acct-001,staging,161.3233,131.1724,74.1128,116.9096,369.0383,474068.47,0.0007483870967741935,0.024367741935483866,0.05063225806451613,0,31
2023-02,Azure,acct-002,dev,87.5134,68.257,51.0394,64.5104,221.7957,185848.37,0.0012,-0.009509090909090906,0.0218,0,22
2023-02,Azure,acct-002,prod,929.6166000000001,718.6545,279.8987,626.9503,3006.7831,4054775.02,0.00075,0.014578749999999998,0.04190375,0,80
2023-02,Azure,acct-002,staging,193.64339999999999,152.9244,77.6952,136.4778,450.8775,521746.87,0.000877142857142857,0.009454285714285714,0.11098857142857144,0,35
2023-02,Azure,acct-003,dev,41.664,30.8184,23.4916,28.2062,136.6669,93635.14,0.0014333333333333333,0.09446666666666668,0.09898333333333333,0,12
2023-02,Azure,acct-003,prod,1002.5988,763.9721,278.8498,660.4278,2804.2475999999997,4610197.06,0.00060561797752809,0.06846404494382023,0.06514044943820226,0,89
2023-02,Azure,acct-003,staging,261.3644,199.6771,117.2641,175.3999,691.7569,526490.33,0.0013599999999999999,0.09437714285714285,0.07349142857142857,0,35
2023-02,Azure,acct-004,dev,67.2074,52.1028,37.4813,48.473600000000005,218.26069999999999,145069.74,0.0014777777777777777,0.02677222222222222,0.03593333333333333,0,18
2023-02,Azure,acct-004,prod,862.2113,665.8478,246.5794,575.63,2907.339,4005103.0,0.0007607594936708861,0.05641139240506329,0.024992405063291142,0,79
2023-02,Azure,acct-004,staging,188.0492,139.9105,75.7203,126.12950000000001,871.1997,560096.07,0.0014783783783783784,0.09073513513513513,0.002521621621621624,0,37
2023-02,Azure,acct-005,dev,71.6975,53.4305,40.8614,49.9534,289.1758,147087.13,0.001922222222222222,0.05676666666666667,0.04215000000000001,0,18
2023-02,Azure,acct-005,prod,933.1086,706.6867,246.899,610.1552,3273.3077,3800367.81,0.0008653333333333333,0.04244933333333333,0.020052000000000004,0,75
2023-02,Azure,acct-005,staging,208.103,166.5549,86.5437,142.0671,402.2622,492466.0,0.00085625,0.063209375,0.12450625,0,32
2023-02,Azure,acct-006,dev,64.5099,50.446200000000005,39.957300000000004,47.3913,148.45420000000001,152828.34,0.001,0.012621052631578946,0.048231578947368424,0,19
2023-02,Azure,acct-006,prod,944.0148,759.7572,271.9241,652.0054,2699.0113,4301125.74,0.0006204819277108435,0.059414457831325304,0.01797831325301205,0,83
2023-02,Azure,acct-006,staging,209.1103,159.696,89.0388,139.5275,615.8368,550345.67,0.0011277777777777777,0.02145277777777778,-0.004619444444444442,0,36
2023-02,Azure,acct-007,dev,43.639,33.1457,24.9429,31.2122,102.2445,111263.23,0.0009714285714285715,0.07476428571428571,0.16302857142857144,0,14
2023-02,Azure,acct-007,prod,974.5322,735.4429,249.5024,632.8211,2643.4599,4420733.12,0.0005793103448275862,0.06226551724137932,0.06779310344827585,0,87
2023-02,Azure,acct-007,staging,221.4494,175.763,102.969,159.76670000000001,821.1265,528739.52,0.001514705882352941,0.04192058823529412,0.09378823529411764,0,34
2023-02,Azure,acct-008,dev,71.1091,57.8023,41.7215,53.801300000000005,144.5657,180107.11000000002,0.000809090909090909,0.017104545454545456,0.06807272727272727,0,22
2023-02,Azure,acct-008,prod,1078.2014,831.5896,291.5454,718.2736,3028.5324,4662174.21,0.000645054945054945,0.05875494505494506,0.07209670329670329,0,91
2023-02,Azure,acct-008,staging,274.23220000000003,211.297,105.6878,186.1752,1092.3694,600886.34,0.0018256410256410256,0.013779487179487182,0.025682051282051283,0,39
2023-02,Azure,acct-009,dev,90.0338,71.8636,56.1474,66.5844,537.5657,186243.25,0.0029173913043478257,0.021952173913043473,0.014639130434782606,0,23
2023-02,Azure,acct-009,prod,1097.1439,863.1622,279.89979999999997,732.3363,2642.1686,4881642.61,0.0005395833333333333,0.05232083333333334,0.02822604166666667,0,96
2023-02,Azure,acct-009,staging,184.455,151.5594,79.9737,133.7984,505.4852,487485.6,0.00104375,0.0748375,0.06458124999999999,0,32
2023-02,Azure,acct-010,dev,87.7627,68.2122,52.3114,63.0026,366.7216,255491.79,0.00139,0.07217333333333334,0.08320666666666666,0,30
2023-02,Azure,acct-010,prod,941.4383,715.0227,289.2236,627.1387,2508.5243,3940650.68,0.0006324675324675325,0.015433766233766235,0.02156103896103896,0,77
2023-02,Azure,acct-010,staging,219.7063,168.7122,83.7183,149.4124,459.9144,618721.13,0.0007675,0.0740375,0.047935,0,40
2023-02,GCP,acct-001,dev,70.4697,53.9699,41.7366,51.2954,255.1422,171478.17,0.0015523809523809522,0.040076190476190474,0.019476190476190473,0,21
2023-02,GCP,acct-001,prod,631.6379000000001,477.8846,153.8093,410.5319,1604.0406,3431283.46,0.0004661538461538462,0.07753692307692309,0.007353846153846155,0,65
2023-02,GCP,acct-001,staging,205.3898,161.3252,86.694,140.0528,639.4925,534046.85,0.0012314285714285715,0.08906,0.039785714285714285,0,35
2023-02,GCP,acct-002,dev,87.8801,66.4746,50.6445,62.0435,150.1255,201973.29,0.0007375,0.014900000000000002,0.093875,0,24
2023-02,GCP,acct-002,prod,744.7155,568.6831999999999,215.9878,492.1243,2692.9078999999997,3652689.66,0.0007492957746478873,0.06461549295774648,0.009302816901408448,0,71
2023-02,GCP,acct-002,staging,216.8174,164.056,92.4845,145.1702,605.9728,566966.36,0.0010736842105263157,0.0722578947368421,0.019971052631578945,0,38
2023-02,GCP,acct-003,dev,93.1116,69.97540000000001,53.9827,65.25880000000001,311.5967,249711.13,0.0012033333333333334,0.02735,0.023,0,30
2023-02,GCP,acct-003,prod,1039.6356,804.6985,286.3411,696.9041,3172.5669,4685283.81,0.0006804347826086957,0.05096630434782609,0.032247826086956526,0,92
2023-02,GCP,acct-003,staging,200.04489999999998,150.8589,77.7549,133.1005,305.2268,490751.41,0.000632258064516129,0.028074193548387097,0.12716451612903226,0,31
2023-02,GCP,acct-004,dev,90.4816,70.9391,50.1025,63.8147,230.825,204038.9,0.0011333333333333332,0.061875000000000006,-0.03265833333333334,0,24
2023-02,GCP,acct-004,prod,864.0792,646.3457,273.5179,569.6081,2070.4965,4105635.94,0.000520253164556962,0.06920632911392405,0.09101518987341772,0,79
2023-02,GCP,acct-004,staging,190.3331,152.4034,91.7987,133.6141,726.6293000000001,581914.37,0.0011972972972972972,0.06993783783783783,0.061881081081081084,0,37
2023-02,GCP,acct-005,dev,72.5685,55.0841,41.4104,49.6452,253.4654,173059.2,0.00139,0.141185,0.065865,0,20
2023-02,GCP,acct-005,prod,1040.2723,786.4602,290.535,677.8423,3268.8328,4808286.86,0.000683695652173913,0.04510760869565218,0.0479445652173913,0,92
2023-02,GCP,acct-005,staging,224.6235,170.8596,96.6173,152.1799,644.0561,638515.88,0.0009926829268292682,0.016556097560975612,0.09810487804878047,0,41
2023-02,GCP,acct-006,dev,77.7581,59.1838,45.3305,56.0573,130.98760000000001,199853.17,0.00065,0.03934166666666667,0.03452083333333333,0,24
2023-02,GCP,acct-006,prod,1014.7288,791.8504,306.2287,691.4768,3625.8748,4867493.95,0.0007822916666666667,0.054337500000000004,0.046125,0,96
2023-02,GCP,acct-006,staging,195.482,153.6191,88.1567,135.1775,494.8826,532268.08,0.0009294117647058825,0.0937529411764706,0.09845000000000001,0,34
2023-02,GCP,acct-007,dev,90.3905,70.8078,53.8657,65.6589,236.9855,198427.35,0.0012260869565217391,0.016369565217391305,0.047443478260869566,0,23
2023-02,GCP,acct-007,prod,1058.7405,815.6286,262.7607,693.1683,3316.3804,4748742.16,0.0007175824175824176,0.032126373626373626,0.07548021978021978,0,91
2023-02,GCP,acct-007,staging,182.7294,145.4503,84.2267,130.9728,471.2389,412623.18,0.0011884615384615384,0.043392307692307695,0.10422692307692308,0,26
2023-02,GCP,acct-008,dev,56.7746,44.6767,35.0216,41.4768,80.7183,165030.59,0.000485,0.071585,0.07678,0,20
2023-02,GCP,acct-008,prod,729.1129,563.2292,209.06369999999998,490.3495,3079.6526,3658112.67,0.0008291666666666666,0.0553625,0.015375,0,72
2023-02,GCP,acct-008,staging,181.781,143.808,82.7618,130.3032,387.9413,510417.76,0.0007764705882352942,0.06818823529411765,0.11671764705882352,0,34
2023-02,GCP,acct-009,dev,65.6065,49.4748,38.929,46.5299,182.9914,136033.64,0.0012823529411764706,0.07828823529411764,0.042447058823529414,0,17
2023-02,GCP,acct-009,prod,994.3193,770.4794,261.1069,659.6707,2975.7487,4528968.59,0.0006625,0.05206477272727272,0.0707159090909091,0,88
2023-02,GCP,acct-009,staging,177.6792,137.9054,78.6271,123.83930000000001,1068.539,489723.47000000003,0.002165625,-0.0038093749999999994,0.04680937500000001,0,32
2023-02,GCP,acct-010,dev,83.8415,66.4417,50.3509,62.2889,157.3165,190691.06,0.0008217391304347826,-0.002191304347826088,-0.009482608695652173,0,23
2023-02,GCP,acct-010,prod,843.6904,669.8899,261.758,583.0325,2781.603,4265656.45,0.0006304878048780489,0.06643170731707317,0.04217682926829268,0,82
2023-02,GCP,acct-010,staging,198.5768,152.3275,78.5869,135.9715,630.3318,532788.8,0.0011600000000000002,0.006277142857142857,0.08186285714285715,0,35
2023-03,AWS,acct-001,dev,56.1664,45.7183,32.6086,41.3896,126.7185,117490.1,0.001107142857142857,0.043935714285714286,0.042292857142857146,0,14
2023-03,AWS,acct-001,prod,1143.7609,899.2014,328.2795,775.1054,4369.0280999999995,4501761.42,0.0009850574712643677,0.06891954022988506,0.04569655172413793,0,87
2023-03,AWS,acct-001,staging,219.6358,171.3259,101.6628,146.7006,670.3537,544401.07,0.0012194444444444444,0.026850000000000002,0.016200000000000006,0,36
2023-03,AWS,acct-002,dev,51.1414,40.6602,29.8687,38.265499999999996,182.03879999999998,145620.69,0.0013277777777777778,0.08322222222222223,0.0741,0,18
2023-03,AWS,acct-002,prod,1065.4001,829.5553,355.3865,725.068,3487.1875,4438189.0,0.0007894117647058824,0.08082,0.0364635294117647,0,85
2023-03,AWS,acct-002,staging,329.5624,259.0267,141.0536,230.6655,762.3936,802116.31,0.001,0.077875,0.05010384615384615,0,52
2023-03,AWS,acct-003,dev,117.3819,90.6751,71.7589,84.7319,461.606,235182.12,0.0019655172413793106,0.042527586206896555,0.09297241379310345,0,29
2023-03,AWS,acct-003,prod,1208.1551,942.7792,366.6076,821.6223,3323.1189,4889590.0,0.0006924731182795699,0.047324731182795704,0.051925806451612905,0,93
2023-03,AWS,acct-003,staging,262.3537,207.653,120.44800000000001,183.7353,881.4177999999999,619300.33,0.0014097560975609756,0.031243902439024394,0.03559268292682927,0,41
2023-03,AWS,acct-004,dev,46.6455,35.7165,28.0823,31.3536,105.7962,107814.48,0.0010307692307692307,0.15197692307692307,0.10753846153846153,0,13
2023-03,AWS,acct-004,prod,1056.1755,802.9097,288.1247,693.0523,3586.1298,4261027.93,0.0008571428571428571,0.04594166666666667,0.05215714285714285,0,84
2023-03,AWS,acct-004,staging,187.4785,144.4876,75.3775,127.1995,441.1331,572804.16,0.0007833333333333334,0.11873333333333333,0.04065833333333333,0,36
2023-03,AWS,acct-005,dev,101.0183,80.74080000000001,60.3832,73.5695,364.7446,262185.47,0.00144375,0.0376625,0.039850000000000003,0,32
2023-03,AWS,acct-005,prod,1235.1228,940.0266,343.9842,808.1369,3263.0894,4855225.06,0.0006652631578947369,0.02876421052631579,0.052836842105263154,0,95
2023-03,AWS,acct-005,staging,223.7205,170.2733,95.9436,154.8046,583.5057,522199.47,0.0011352941176470588,0.04547058823529412,0.006179411764705883,0,34
2023-03,AWS,acct-006,dev,61.787099999999995,46.4142,34.7097,43.4277,199.1849,124428.04,0.0015466666666666665,-0.09259333333333333,0.07900666666666667,0,15
2023-03,AWS,acct-006,prod,1180.5825,916.1741,326.5426,785.831,3603.5844,5120375.87,0.000694059405940594,0.05093564356435643,0.021176237623762376,0,101
2023-03,AWS,acct-006,staging,256.9626,204.3932,121.3964,177.7793,777.1208,574159.87,0.0013789473684210527,0.07671578947368421,0.05152894736842105,0,38
2023-03,AWS,acct-007,dev,103.7286,81.2507,60.988,74.2497,487.9007,223334.67,0.002162962962962963,0.04909259259259259,0.060281481481481484,0,27
2023-03,AWS,acct-007,prod,1232.5191,948.5843,305.8519,811.2626,3464.3934,4954483.43,0.0007031250000000001,0.05566354166666667,0.004897916666666665,0,96
2023-03,AWS,acct-007,staging,222.5,173.7295,101.2234,154.6261,741.8688,568654.52,0.0014166666666666668,0.06466944444444445,0.054288888888888887,0,36
2023-03,AWS,acct-008,dev,71.8119,56.3658,41.3591,51.4792,329.5689,159819.19,0.002095,0.102715,-0.08568,0,20
2023-03,AWS,acct-008,prod,1249.5987,970.8898,332.6243,830.8656,3759.585,5051900.91,0.0007742268041237113,0.045603092783505154,0.051482474226804124,0,97
2023-03,AWS,acct-008,staging,219.5644,173.8181,92.7873,152.7115,846.6113,612638.4,0.001435897435897436,0.053879487179487186,0.10379999999999999,0,39
2023-03,AWS,acct-009,dev,105.4047,75.9491,58.311,71.6996,307.5386,237357.69,0.0012321428571428572,0.1060857142857143,0.0742142857142857,0,28
2023-03,AWS,acct-009,prod,1354.8374000000001,1045.129,382.8578,900.1677,4565.9396,5252039.53,0.0008826923076923076,0.03267403846153846,-0.014578846153846154,0,104
2023-03,AWS,acct-009,staging,195.2184,146.659,90.5026,129.2473,414.048,484619.98,0.0008387096774193548,0.04797096774193548,0.036196774193548394,0,31
2023-03,AWS,acct-010,dev,71.7323,55.5976,39.9921,51.1976,425.5356,150434.56,0.002977777777777778,0.0768388888888889,0.11625000000000002,0,18
2023-03,AWS,acct-010,prod,1275.5996,967.181,332.6548,830.7096,3263.2379,4934309.58,0.000658,0.041693999999999995,0.059526,0,100
2023-03,AWS,acct-010,staging,175.9087,133.6327,67.7342,116.5078,569.6545,528582.22,0.0011742857142857143,0.044860000000000004,0.04530285714285714,0,35
2023-03,Azure,acct-001,dev,133.2917,101.2922,76.61749999999999,96.061,336.63509999999997,290524.36,0.001177142857142857,0.05781428571428571,0.14337142857142857,0,35
2023-03,Azure,acct-001,prod,1147.4039,904.3886,351.5183,786.4612,2759.7613,5109258.35,0.000552,0.08364200000000001,0.010621999999999998,0,100
2023-03,Azure,acct-001,staging,305.3575,238.7335,130.0331,201.9312,978.3239,709934.9400000001,0.0013934782608695654,0.056715217391304355,0.016789130434782605,0,46
2023-03,Azure,acct-002,dev,95.0665,77.0177,59.913199999999996,72.0173,218.2074,237907.80000000002,0.0009172413793103448,0.0019379310344827577,0.08686551724137931,0,29
2023-03,Azure,acct-002,prod,1205.9299,934.8366,369.1367,816.9815,4218.0754,5531560.48,0.0007564814814814815,0.06845833333333333,0.04066851851851852,0,108
2023-03,Azure,acct-002,staging,211.091,164.4571,83.5947,142.2106,568.7517,478882.95999999996,0.0011870967741935484,0.013651612903225807,0.05571612903225807,0,31
2023-03,Azure,acct-003,dev,44.762299999999996,33.7645,23.5347,30.0905,90.0914,96474.57,0.00095,0.09213333333333333,-0.005458333333333329,0,12
2023-03,Azure,acct-003,prod,1249.0796,979.7324,327.8159,841.2328,4491.9982,5143630.21,0.0008653465346534654,0.03293267326732673,0.06801287128712871,0,101
2023-03,Azure,acct-003,staging,241.333,182.5397,94.2501,159.0804,765.9585,581584.76,0.0012815789473684211,0.0555421052631579,0.04887894736842105,0,38
2023-03,Azure,acct-004,dev,59.716300000000004,48.1243,34.0429,44.2114,163.6146,170526.1,0.0009333333333333333,0.06355714285714285,0.1021047619047619,0,21
2023-03,Azure,acct-004,prod,1281.4152,1002.9002,343.0575,861.7011,4328.5148,5666156.07,0.000773394495412844,0.0379862385321101,0.061182568807339445,0,109
2023-03,Azure,acct-004,staging,254.2636,194.2639,108.8307,167.7586,946.5976,617413.21,0.0015275,0.061114999999999996,0.1182925,0,40
2023-03,Azure,acct-005,dev,53.2467,41.1718,29.7504,37.298899999999996,98.5775,152527.78,0.0006368421052631579,0.08173157894736843,0.016015789473684205,0,19
2023-03,Azure,acct-005,prod,1115.8627,858.7311,328.2317,746.3772,3168.6882,4950530.61,0.0006567010309278351,0.07108453608247423,0.06684639175257732,0,97
2023-03,Azure,acct-005,staging,175.9415,137.944,72.2672,119.4172,512.8556,479115.39,0.0010406249999999999,0.039353125,0.085365625,0,32
2023-03,Azure,acct-006,dev,108.3618,85.4684,61.8574,79.2915,308.738,242204.5,0.0013275862068965517,0.050544827586206896,0.04277931034482759,0,29
2023-03,Azure,acct-006,prod,804.4135,641.9091,242.58950000000002,552.8339,3868.0626,3815522.38,0.00102,0.06431066666666667,0.033644,0,75
2023-03,Azure,acct-006,staging,276.0758,222.1465,123.0602,200.4056,694.3293,624158.94,0.0011025,0.06939,0.055685000000000005,0,40
2023-03,Azure,acct-007,dev,92.8857,71.7009,51.5468,63.800399999999996,354.0043,206643.45,0.0016615384615384617,0.04141923076923077,0.11056923076923077,0,26
2023-03,Azure,acct-007,prod,1222.087,937.0207,354.8318,808.8742,3494.6321,5072735.19,0.0007111111111111111,0.0469969696969697,0.05963333333333333,0,99
2023-03,Azure,acct-007,staging,108.8793,87.3586,45.5607,76.7989,342.1828,394983.07,0.0008799999999999999,0.015267999999999997,0.026228,0,25
2023-03,Azure,acct-008,dev,78.055,59.8891,45.4799,55.6863,170.98160000000001,196153.3,0.0008956521739130435,-0.04491739130434782,0.08941739130434782,0,23
2023-03,Azure,acct-008,prod,1257.305,964.8322000000001,407.3962,845.6386,3060.1422000000002,5011611.31,0.0006319587628865979,0.07026494845360826,0.05309381443298969,0,97
2023-03,Azure,acct-008,staging,268.5898,206.7935,92.8214,171.3555,701.8461,687467.46,0.0010636363636363636,0.025845454545454546,0.034525,0,44
2023-03,Azure,acct-009,dev,88.1354,74.1304,56.3141,70.3434,491.3653,187532.78,0.0026125000000000002,0.0310375,0.11007083333333334,0,24
2023-03,Azure,acct-009,prod,955.2651,739.4978,272.0955,640.7237,2288.1053,4210727.49,0.0005329268292682927,0.04720731707317073,0.05183414634146341,0,82
2023-03,Azure,acct-009,staging,192.9168,156.2021,83.307,137.887,951.03,494423.89,0.0018696969696969695,0.07306666666666667,0.04287878787878788,0,33
2023-03,Azure,acct-010,dev,109.304,86.8552,64.0877,79.3827,322.6711,246995.55,0.00135,0.006403333333333334,0.055856666666666666,0,30
2023-03,Azure,acct-010,prod,978.7244000000001,745.3381,275.5422,651.5311,2116.3544,4467694.13,0.0004770114942528736,0.0803367816091954,0.03889770114942529,0,87
2023-03,Azure,acct-010,staging,206.1266,160.8936,81.13419999999999,142.6113,604.5921,518514.27,0.0011323529411764706,0.01064411764705882,0.05848235294117647,0,34
2023-03,GCP,acct-001,dev,52.4564,36.4277,26.5026,32.4398,129.6878,139974.06,0.0009235294117647059,0.1116,0.008929411764705878,0,17
2023-03,GCP,acct-001,prod,933.2706,741.5254,270.9321,638.1697,3238.5616,4293080.97,0.0007573170731707317,0.05523414634146342,0.08555243902439025,0,82
2023-03,GCP,acct-001,staging,222.6724,175.4328,107.6471,155.8996,588.7992,742690.4299999999,0.0007791666666666667,0.12933541666666667,0.006750000000000002,0,48
2023-03,GCP,acct-002,dev,66.8481,49.7947,38.6603,44.1786,192.4543,158467.37,0.0012263157894736843,0.04825263157894737,0.19671052631578947,0,19
2023-03,GCP,acct-002,prod,1018.268,789.6998,268.39300000000003,681.5034,4459.981,4452575.5,0.0010333333333333334,0.028873563218390803,0.05463908045977011,0,87
2023-03,GCP,acct-002,staging,171.375,136.6036,72.8696,118.0237,368.01059999999995,544035.9400000001,0.0006611111111111111,0.06003888888888889,0.04373888888888889,0,36
2023-03,GCP,acct-003,dev,67.406,50.9877,39.3838,47.1759,99.9624,181961.78,0.0005681818181818183,-0.010999999999999996,0.06746818181818182,0,22
2023-03,GCP,acct-003,prod,982.8068,760.9302,235.5222,642.753,2336.6765,4489716.72,0.0005295454545454545,0.05321590909090909,0.0584625,0,88
2023-03,GCP,acct-003,staging,263.76,201.5003,103.6435,176.0265,1637.9751,623808.57,0.0025878048780487804,0.0638439024390244,0.04452926829268293,0,41
2023-03,GCP,acct-004,dev,86.8685,68.9881,48.5589,62.4016,331.894,247283.02000000002,0.0013066666666666667,0.08639666666666666,0.034850000000000006,0,30
2023-03,GCP,acct-004,prod,1112.5734,856.0313,378.0012,754.1819,3349.3331,4750373.26,0.0006946236559139785,0.02525483870967742,0.0556010752688172,0,93
2023-03,GCP,acct-004,staging,222.9929,174.8757,87.5573,150.6368,463.747,604184.88,0.0007564102564102564,0.024364102564102562,0.057907692307692306,0,39
2023-03,GCP,acct-005,dev,84.41,65.26820000000001,51.427,61.1621,245.6911,200710.26,0.001208,0.052028,-0.034095999999999994,0,25
2023-03,GCP,acct-005,prod,1136.3274,904.6328,323.282,782.0827,3058.6217,4723782.71,0.0006473118279569892,0.04548494623655914,0.07450645161290323,0,93
2023-03,GCP,acct-005,staging,239.461,184.7061,88.5082,162.6134,956.7812,602801.85,0.0017131578947368422,0.04240263157894737,0.07367105263157896,0,38
2023-03,GCP,acct-006,dev,65.3838,50.5287,38.2167,46.7763,243.2331,190589.27,0.0013086956521739129,0.046556521739130434,0.1489,0,23
2023-03,GCP,acct-006,prod,1099.7956,856.9627,270.1539,725.6325,3228.0577,5266018.21,0.0006106796116504854,0.057515533980582526,0.030891262135922328,0,103
2023-03,GCP,acct-006,staging,224.3698,175.8424,95.5116,156.4214,697.9627,637847.47,0.0011365853658536586,0.017436585365853657,0.030978048780487804,0,41
2023-03,GCP,acct-007,dev,40.8261,31.2316,24.095399999999998,29.7352,107.3976,125456.8,0.0008466666666666667,0.13026,0.13537333333333335,0,15
2023-03,GCP,acct-007,prod,1154.492,896.8975,334.4977,780.5581,3124.7502,4909152.05,0.0006377551020408163,0.04652244897959183,0.03405612244897959,0,98
2023-03,GCP,acct-007,staging,204.1749,156.8851,86.6663,141.1322,906.3012,667901.59,0.001341860465116279,0.022816279069767444,0.0822093023255814,0,43
2023-03,GCP,acct-008,dev,69.8365,56.3595,40.2431,51.4644,157.4939,173827.44,0.0009190476190476191,0.08686666666666666,0.026442857142857143,0,21
2023-03,GCP,acct-008,prod,926.7678,724.6678,275.1143,629.307,3095.8814,3998650.38,0.0007730769230769231,0.062047435897435894,0.06436666666666667,0,78
2023-03,GCP,acct-008,staging,255.4934,195.7987,105.5319,173.2337,1045.7617,715810.95,0.0015152173913043478,0.057119565217391303,0.0476695652173913,0,46
2023-03,GCP,acct-009,dev,75.1364,58.1286,43.2751,54.0093,352.39390000000003,189813.04,0.0019043478260869565,-0.01978260869565217,0.030413043478260866,0,23
2023-03,GCP,acct-009,prod,1178.8466,908.8922,314.7776,787.4872,2565.8254,5245509.51,0.000492156862745098,0.032372549019607844,0.005573529411764706,0,102
2023-03,GCP,acct-009,staging,215.97560000000001,163.6338,106.5906,147.8416,718.8306,581154.64,0.0012921052631578948,0.04661578947368421,0.011447368421052637,0,38
2023-03,GCP,acct-010,dev,94.3615,69.8472,52.283,64.5625,283.7668,220167.6,0.0012962962962962965,-0.0020555555555555557,0.027174074074074076,0,27
2023-03,GCP,acct-010,prod,1074.8816,817.8875,294.6496,709.3711,4290.4499,4873536.2,0.0009180851063829787,0.08148297872340425,0.07702127659574469,0,94
2023-03,GCP,acct-010,staging,206.0196,159.8348,103.092,147.3281,478.2483,624119.59,0.0008025,0.0522775,0.04306,0,40
2023-04,AWS,acct-001,dev,93.8223,72.2248,50.6228,67.1078,235.3515,181135.64,0.001290909090909091,0.06708181818181819,0.10554090909090909,0,22
2023-04,AWS,acct-001,prod,1079.4681,840.3405,289.01890000000003,719.357,2660.4419,4569240.14,0.0005943181818181819,0.041345454545454546,0.10710113636363636,0,88
2023-04,AWS,acct-001,staging,304.5227,237.8247,129.5458,206.0101,1131.5345,711359.5,0.0015936170212765956,0.0071106382978723395,0.08017872340425532,0,47
2023-04,AWS,acct-002,dev,68.1805,52.364599999999996,38.8778,47.8633,145.7312,161997.39,0.0008947368421052633,0.09646842105263158,0.05426842105263158,0,19
2023-04,AWS,acct-002,prod,978.5946,740.3819,225.9252,623.7323,3071.8274,4148935.72,0.0007682926829268293,0.01670487804878049,0.09335243902439024,0,82
2023-04,AWS,acct-002,staging,220.0424,170.8089,97.7536,146.5844,565.3918,516282.1,0.0010714285714285715,0.05065142857142857,0.042557142857142856,0,35
2023-04,AWS,acct-003,dev,63.3444,50.611599999999996,37.1577,45.5115,86.4668,134363.91999999998,0.0006529411764705882,0.10824117647058824,0.03732941176470589,0,17
2023-04,AWS,acct-003,prod,1210.2891,938.2974,344.0006,816.416,3763.8271999999997,4720438.2,0.0008161290322580645,0.04732150537634409,0.013262365591397847,0,93
2023-04,AWS,acct-003,staging,209.9723,161.2785,93.1771,141.0691,689.6487,620199.6,0.0011375,0.05885,0.027755000000000002,0,40
2023-04,AWS,acct-004,dev,76.5705,62.051700000000004,47.38,57.6755,283.9037,194454.19,0.001475,0.05620833333333333,0.007562499999999997,0,24
2023-04,AWS,acct-004,prod,1075.588,828.6515,312.4568,711.8001,2149.4383,4677839.26,0.0004615384615384616,0.011872527472527473,0.027401098901098903,0,91
2023-04,AWS,acct-004,staging,211.2225,163.2485,91.0645,146.6652,630.2815,550015.84,0.0010916666666666668,0.04653611111111111,0.06847222222222221,0,36
2023-04,AWS,acct-005,dev,100.134,77.7634,58.686,73.8576,229.37099999999998,231366.98,0.0009857142857142857,-0.002721428571428576,0.10868214285714285,0,28
2023-04,AWS,acct-005,prod,1070.201,839.0325,252.7465,713.0744,2970.3684,4183489.1,0.0007036585365853659,0.053428048780487805,0.051851219512195124,0,82
2023-04,AWS,acct-005,staging,274.6698,200.4662,117.2831,179.3001,585.2952,601043.85,0.0009846153846153846,0.011235897435897438,0.06306923076923078,0,39
2023-04,AWS,acct-006,dev,80.4867,60.1903,44.9027,55.0747,336.8771,171572.71,0.0019095238095238093,0.09308571428571429,0.12174761904761906,0,21
2023-04,AWS,acct-006,prod,1197.8417,939.3876,377.674,818.7598,3929.7479,5018104.75,0.000792929292929293,0.07243737373737374,0.05737373737373737,0,99
2023-04,AWS,acct-006,staging,202.838,154.3612,87.5105,141.0163,495.34569999999997,509379.37,0.0009818181818181818,0.06359393939393938,0.1265060606060606,0,33
2023-04,AWS,acct-007,dev,92.18,67.045,48.6483,62.896,233.7921,184126.26,0.0012636363636363635,0.05739090909090909,0.08963181818181819,0,22
2023-04,AWS,acct-007,prod,969.1354,760.9861,275.7521,653.9569,4086.0783,4137599.47,0.0009901234567901234,0.02599259259259259,0.03752345679012345,0,81
2023-04,AWS,acct-007,staging,234.78,171.1663,99.2494,151.7043,483.21569999999997,606374.96,0.0008025641025641026,0.059010256410256416,0.05293846153846154,0,39
2023-04,AWS,acct-008,dev,62.2182,47.1821,35.4033,43.9451,150.5451,146255.75,0.0010444444444444444,0.0782388888888889,0.07695,0,18
2023-04,AWS,acct-008,prod,1107.37,874.4209,343.2395,759.5741,3748.6781,4975019.72,0.000759375,0.030269791666666667,0.052021875,0,96
2023-04,AWS,acct-008,staging,181.8762,137.1746,82.7961,119.5358,798.3498,507910.56,0.0016484848484848485,0.01413939393939394,0.09347272727272728,0,33
2023-04,AWS,acct-009,dev,72.3067,55.5557,39.0631,51.486,180.3363,183625.51,0.0009500000000000001,0.06919545454545455,-0.013763636363636369,0,22
2023-04,AWS,acct-009,prod,1008.5543,784.4904,288.0751,676.8802000000001,3599.9147000000003,4027233.35,0.000879746835443038,0.07351898734177215,0.1131481012658228,0,79
2023-04,AWS,acct-009,staging,232.24360000000001,182.6952,117.027,166.6324,714.6261,700733.15,0.0010333333333333334,0.05323111111111111,0.05796666666666666,0,45
2023-04,AWS,acct-010,dev,94.1784,71.9056,54.8777,67.9186,236.58530000000002,203444.57,0.00122,0.011008,0.018872,0,25
2023-04,AWS,acct-010,prod,1177.6763,890.0187,297.5525,758.0893,3248.3763,4806295.66,0.0006827956989247312,0.01893225806451613,0.04975913978494624,0,93
2023-04,AWS,acct-010,staging,239.7223,185.241,99.94,162.9383,786.8255,604811.56,0.0013225,0.032475,-0.016390000000000002,0,40
2023-04,Azure,acct-001,dev,94.414,77.7038,58.6777,70.9414,167.2506,221144.12,0.0007481481481481481,0.020607407407407408,0.02221111111111111,0,27
2023-04,Azure,acct-001,prod,902.6655,716.5165,307.349,627.3502,2772.7254,3946834.71,0.0007157894736842105,0.06257368421052632,0.05780921052631578,0,76
2023-04,Azure,acct-001,staging,184.7231,146.1224,85.9364,131.266,682.2498,527434.88,0.001361764705882353,0.07765,0.04906470588235294,0,34
2023-04,Azure,acct-002,dev,84.2606,63.9912,49.1517,58.7694,208.1029,184690.94,0.0011454545454545454,-0.005422727272727273,0.13702727272727275,0,22
2023-04,Azure,acct-002,prod,1232.8564,947.6199,346.4898,819.0013,3515.7515,4907116.19,0.0007135416666666667,0.054408333333333336,0.04275520833333333,0,96
2023-04,Azure,acct-002,staging,222.0806,172.6929,96.5348,156.8411,455.7489,596173.98,0.0007657894736842105,0.07681315789473683,0.01311578947368421,0,38
2023-04,Azure,acct-003,dev,63.189,48.4048,36.629,45.0277,254.10000000000002,196597.52,0.0012833333333333334,0.013391666666666668,0.07295416666666667,0,24
2023-04,Azure,acct-003,prod,905.7347,693.3171,273.097,598.0423,2336.6357,4296219.25,0.0005482352941176471,0.05665058823529411,0.07032705882352941,0,85
2023-04,Azure,acct-003,staging,144.9483,115.5531,65.492,103.3192,491.3575,362662.06,0.0013391304347826088,0.06432173913043479,0.09256086956521738,0,23
2023-04,Azure,acct-004,dev,91.8575,75.1784,55.557900000000004,68.9363,435.9169,216017.95,0.0020037037037037037,0.004918518518518518,0.028977777777777776,0,27
2023-04,Azure,acct-004,prod,882.1291,709.4296,226.6242,605.6481,2907.9744,4308883.65,0.0007023809523809524,0.047944047619047615,0.02391309523809524,0,84
2023-04,Azure,acct-004,staging,193.9539,156.621,83.491,136.7003,826.6791000000001,536482.1,0.0015371428571428571,0.07099428571428572,0.10137714285714286,0,35
2023-04,Azure,acct-005,dev,66.8819,50.5905,37.4889,46.7056,222.8028,155972.36,0.001468421052631579,0.02863684210526316,-0.03181578947368421,0,19
2023-04,Azure,acct-005,prod,1087.9446,838.0478,304.7386,724.409,3156.6495999999997,4709812.51,0.0006978260869565219,0.04192391304347826,0.021878260869565215,0,92
2023-04,Azure,acct-005,staging,187.0705,154.926,74.8267,132.2671,611.9261,437094.08,0.0013793103448275863,0.044341379310344826,0.07031724137931035,0,29
2023-04,Azure,acct-006,dev,74.0423,57.8274,43.6292,51.4062,223.8624,205028.13,0.0011279999999999999,0.043472,0.18466000000000002,0,25
2023-04,Azure,acct-006,prod,1099.5604,847.457,278.2124,730.9435,2645.7992,5023004.82,0.0005257731958762887,0.02782680412371134,-0.01657938144329897,0,97
2023-04,Azure,acct-006,staging,313.6118,239.2323,116.006,211.4639,827.0698,727942.49,0.0011595744680851063,0.04167021276595744,0.010329787234042551,0,47
2023-04,Azure,acct-007,dev,128.029,104.7209,76.5626,95.0345,429.7327,265394.62,0.0015875,0.063275,0.09020625,0,32
2023-04,Azure,acct-007,prod,1198.9769000000001,945.0024,311.1135,797.8771,3425.4039000000002,5118121.19,0.0006626262626262627,0.05236565656565656,0.0235989898989899,0,99
2023-04,Azure,acct-007,staging,152.2365,114.35079999999999,57.2648,100.0558,562.4501,482252.21,0.001170967741935484,0.09904193548387097,0.07211290322580645,0,31
2023-04,Azure,acct-008,dev,66.63680000000001,51.6681,38.2299,47.9382,96.59729999999999,154184.49,0.00065,0.04192777777777778,0.08567222222222222,0,18
2023-04,Azure,acct-008,prod,1070.9566,839.3518,296.7896,724.5799,3317.4578,4775581.8,0.0007021505376344086,0.05290645161290323,0.07258817204301075,0,93
2023-04,Azure,acct-008,staging,159.537,119.631,63.219699999999996,102.9033,530.7524999999999,475634.52,0.0011387096774193547,0.02548709677419355,0.00019354838709677503,0,31
2023-04,Azure,acct-009,dev,88.3286,67.1995,50.296,61.3032,157.657,182536.97,0.0008521739130434782,0.021747826086956527,0.023643478260869565,0,23
2023-04,Azure,acct-009,prod,843.7728,654.7283,186.4417,557.9122,2669.8484,4176036.15,0.0006378048780487804,0.05595121951219512,0.07648902439024391,0,82
2023-04,Azure,acct-009,staging,268.4636,209.0473,113.1915,185.9248,477.9936,627306.41,0.0007902439024390244,-0.00615609756097561,0.11854146341463415,0,41
2023-04,Azure,acct-010,dev,63.5586,50.1811,39.580799999999996,46.6066,251.4479,158434.75,0.001575,0.07456,0.07846,0,20
2023-04,Azure,acct-010,prod,1010.4013,788.5931,271.6689,670.8433,3000.4888,4864509.41,0.0006139784946236559,0.03973225806451613,0.018910752688172043,0,93
2023-04,Azure,acct-010,staging,218.6798,166.1748,81.8899,137.1526,558.7647,495856.75,0.0011272727272727272,0.07201212121212122,0.07937272727272728,0,33
2023-04,GCP,acct-001,dev,39.5852,29.545299999999997,22.7697,28.107799999999997,211.3554,108277.51000000001,0.0018846153846153848,-0.03903076923076923,-0.02331538461538462,0,13
2023-04,GCP,acct-001,prod,1161.8995,908.9577,358.3905,791.7914,3858.6144,5261690.62,0.0007495145631067962,0.07391456310679612,0.05601650485436893,0,103
2023-04,GCP,acct-001,staging,220.1245,167.0457,86.5153,144.7233,467.44259999999997,603021.95,0.000815,0.06159250000000001,0.0766975,0,40
2023-04,GCP,acct-002,dev,62.0648,48.8791,38.4761,45.7022,206.6318,182145.39,0.001131818181818182,0.05380454545454545,-0.014459090909090906,0,22
2023-04,GCP,acct-002,prod,921.1722,734.5232,240.1874,628.1683,3455.6313,4402548.54,0.0008116279069767442,0.04714069767441861,0.04603837209302326,0,86
2023-04,GCP,acct-002,staging,244.3454,191.0416,106.2395,168.5967,588.2473,785998.83,0.0007539999999999999,0.044366,0.04046,0,50
2023-04,GCP,acct-003,dev,68.0325,53.2012,39.5637,48.9492,143.8706,184350.09,0.0007695652173913043,0.024256521739130434,0.008056521739130436,0,23
2023-04,GCP,acct-003,prod,1096.9305,850.4998,306.8617,738.2005,3455.7685,5078835.17,0.0007040404040404041,0.07826767676767676,0.05257373737373737,0,99
2023-04,GCP,acct-003,staging,227.5972,179.4685,82.0662,155.8081,590.3281000000001,705307.39,0.0008586956521739131,0.0655195652173913,0.1074891304347826,0,46
2023-04,GCP,acct-004,dev,92.3768,74.6865,56.7778,69.1668,399.6594,229422.8,0.001713793103448276,0.07380689655172414,0.10886206896551724,0,29
2023-04,GCP,acct-004,prod,859.0616,670.5568,256.0295,582.8672,2157.6124999999997,3770626.81,0.0005743243243243243,0.048806756756756754,0.07731081081081081,0,74
2023-04,GCP,acct-004,staging,282.6918,218.1512,118.1814,188.0819,930.7791,781047.56,0.001204,0.05965,0.118598,0,50
2023-04,GCP,acct-005,dev,75.8494,58.8547,43.3537,53.5398,286.0482,214389.43,0.0013538461538461538,0.03419615384615385,0.0009000000000000055,0,26
2023-04,GCP,acct-005,prod,1010.0755,790.8495,259.2858,679.4216,3232.3529,4720263.81,0.0006782608695652173,0.07505978260869565,0.06662282608695652,0,92
2023-04,GCP,acct-005,staging,216.3725,171.0175,92.1994,149.8819,946.6291,657750.42,0.001455813953488372,0.08008139534883721,0.054223255813953486,0,43
2023-04,GCP,acct-006,dev,57.231700000000004,42.8474,30.381800000000002,39.4004,143.8185,146533.0,0.0009444444444444445,0.0695111111111111,-0.011644444444444445,0,18
2023-04,GCP,acct-006,prod,984.6033,771.2764999999999,260.2157,666.0961,3234.3143,4479731.19,0.0007149425287356322,0.05933793103448276,0.06035057471264368,0,87
2023-04,GCP,acct-006,staging,163.35229999999999,129.5273,63.3412,113.7946,559.363,347957.24,0.0016695652173913044,0.012917391304347827,0.09779565217391303,0,23
2023-04,GCP,acct-007,dev,59.2809,49.6403,34.7382,45.0696,270.2233,164793.14,0.00162,0.078825,0.058055,0,20
2023-04,GCP,acct-007,prod,901.4443,697.6924,275.9623,608.7265,2086.0611,4354660.53,0.00048823529411764707,0.01991176470588235,0.0033423529411764695,0,85
2023-04,GCP,acct-007,staging,230.8193,185.5524,96.2299,161.7968,578.8618,631716.5,0.0009390243902439024,0.05973170731707317,0.019987804878048777,0,41
2023-04,GCP,acct-008,dev,63.5274,51.0424,36.6041,46.2451,273.0933,136630.7,0.0021,-0.0010941176470588255,0.017864705882352946,0,17
2023-04,GCP,acct-008,prod,1196.0178,932.4406,314.4248,797.0308,3161.2676,5424035.48,0.0005792452830188679,0.059183018867924535,0.08082452830188679,0,106
2023-04,GCP,acct-008,staging,239.0069,185.5266,97.1955,166.5266,562.823,579447.41,0.0010263157894736842,-0.011557894736842106,0.04791052631578947,0,38
2023-04,GCP,acct-009,dev,80.6237,58.8666,42.9709,53.0618,181.9717,197741.85,0.0009166666666666666,0.04571666666666666,0.047412499999999996,0,24
2023-04,GCP,acct-009,prod,1080.1196,835.1892,324.4603,723.0704000000001,3169.2761,4970766.37,0.0006377551020408163,0.02498469387755102,0.04110204081632653,0,98
2023-04,GCP,acct-009,staging,219.1244,167.0221,85.0298,146.8002,707.139,554539.22,0.0012333333333333335,0.009572222222222223,0.09132777777777779,0,36
2023-04,GCP,acct-010,dev,49.9534,40.1992,30.9976,38.0336,64.9305,147113.3,0.0004526315789473684,-0.014394736842105267,-0.01227894736842105,0,19
2023-04,GCP,acct-010,prod,950.3129,735.8902,280.3379,640.1642,3160.6292,4590523.54,0.0006943820224719101,0.02681011235955056,0.03501573033707865,0,89
2023-04,GCP,acct-010,staging,202.6259,157.5272,82.0829,140.5235,491.7519,582466.45,0.0008578947368421052,0.06167105263157894,0.09371052631578947,0,38
2023-05,AWS,acct-001,dev,112.3406,88.5994,68.0286,81.7639,262.6444,256050.18,0.0010193548387096775,0.06550967741935484,0.021703225806451613,0,31
2023-05,AWS,acct-001,prod,1299.9504,1018.0408,391.9029,890.3334,4236.349,5274265.84,0.0008211538461538462,0.045632692307692305,0.06476634615384615,0,104
2023-05,AWS,acct-001,staging,222.7479,171.8896,88.1992,154.8179,636.5722000000001,472595.08999999997,0.0013322580645161292,0.04405483870967742,-0.039912903225806456,0,31
2023-05,AWS,acct-002,dev,110.5931,85.0476,61.8615,77.666,235.1743,221106.35,0.001096153846153846,0.007192307692307693,0.06686153846153846,0,26
2023-05,AWS,acct-002,prod,1130.0251,870.8949,286.4606,751.5818,3303.5714,4923004.43,0.0006718750000000001,0.08711562499999999,0.07396875,0,96
2023-05,AWS,acct-002,staging,217.0496,169.172,93.0016,146.5371,671.511,614371.79,0.0011256410256410255,0.06113589743589744,0.08195128205128205,0,39
2023-05,AWS,acct-003,dev,107.8243,84.3876,62.8702,76.4619,313.1393,239417.94,0.0013533333333333333,0.02831,0.08643333333333333,0,30
2023-05,AWS,acct-003,prod,1152.2255,908.9779,297.3265,774.0831,2732.9811,4843622.1,0.0005589473684210526,0.08698736842105263,0.022577894736842102,0,95
2023-05,AWS,acct-003,staging,193.5994,151.3745,67.8703,132.4485,787.3265,567087.42,0.0014351351351351352,0.03212432432432432,0.06678108108108108,0,37
2023-05,AWS,acct-004,dev,110.53,86.08,63.9632,78.9226,615.6962,253385.93,0.0024733333333333335,0.02088,0.051993333333333336,0,30
2023-05,AWS,acct-004,prod,1124.1486,884.382,282.9287,749.0778,3384.1106,4796830.26,0.0007279569892473118,0.06973118279569893,-3.225806451612966e-05,0,93
2023-05,AWS,acct-004,staging,157.0169,122.1946,67.3911,104.3517,492.2613,495739.05,0.0010375,0.048812499999999995,0.13273125,0,32
2023-05,AWS,acct-005,dev,71.6899,57.9546,43.2873,53.1489,226.0779,152452.37,0.0015105263157894737,0.07840526315789474,0.10098421052631579,0,19
2023-05,AWS,acct-005,prod,1317.692,1027.6571,346.6367,875.5397,4474.4387,5225145.27,0.000888235294117647,0.05733627450980392,0.04480196078431373,0,102
2023-05,AWS,acct-005,staging,251.7773,191.75990000000002,106.0338,166.6585,1085.0719,640863.15,0.0017976190476190475,-0.01998809523809524,-0.03658095238095238,0,42
2023-05,AWS,acct-006,dev,91.3654,75.5149,55.6143,69.60390000000001,267.1924,169854.11000000002,0.0016761904761904763,-0.0007190476190476138,-0.00913809523809524,0,21
2023-05,AWS,acct-006,prod,1065.4121,827.0360000000001,322.5053,716.9544,2891.4481,4284950.21,0.0006734939759036145,0.0692722891566265,0.0576132530120482,0,83
2023-05,AWS,acct-006,staging,271.6614,208.7666,114.0993,184.3547,767.486,720409.06,0.001078723404255319,0.04062978723404255,0.002568085106382983,0,47
2023-05,AWS,acct-007,dev,87.4954,72.41080000000001,53.2636,66.28529999999999,243.1549,202658.69,0.001196,0.095736,0.039968,0,25
2023-05,AWS,acct-007,prod,933.9317,720.4704,243.7453,618.6333,3848.4145,4276986.89,0.0008963855421686746,0.018614457831325305,0.024049397590361444,0,83
2023-05,AWS,acct-007,staging,392.846,316.2034,174.8059,279.6055,1121.1402,919351.63,0.00121,0.04222,0.09219666666666668,0,60
2023-05,AWS,acct-008,dev,94.4222,77.4215,58.2087,69.6176,294.4847,168790.75,0.0016714285714285713,-0.020114285714285713,-0.01624285714285715,0,21
2023-05,AWS,acct-008,prod,1200.9154,929.7871,291.4025,795.7505,3632.3964,5030949.31,0.0007428571428571429,0.06737244897959184,0.0701826530612245,0,98
2023-05,AWS,acct-008,staging,187.4289,141.6207,78.2025,123.7685,521.0494,555192.9,0.0009342857142857143,0.08872285714285713,0.03941714285714285,0,35
2023-05,AWS,acct-009,dev,61.688,48.5044,37.8012,46.0684,209.964,173792.76,0.0010954545454545453,0.01185,0.06450454545454545,0,22
2023-05,AWS,acct-009,prod,1090.0546,845.8745,295.8123,729.6805,2155.5219,4863610.04,0.000446875,0.048272916666666665,0.04147916666666667,0,96
2023-05,AWS,acct-009,staging,195.0191,152.4338,84.9318,136.2469,1055.2613,462019.52,0.002264516129032258,0.0673741935483871,0.019187096774193543,0,31
2023-05,AWS,acct-010,dev,92.813,71.4527,54.4662,64.5456,209.9463,209830.28,0.00102,0.0718,0.061372,0,25
2023-05,AWS,acct-010,prod,1154.3598,893.8068,281.4331,759.9231,4344.6355,4820377.05,0.0009042553191489362,0.04848829787234043,0.06438936170212765,0,94
2023-05,AWS,acct-010,staging,125.543,94.8835,55.8155,84.9512,443.82300000000004,332693.28,0.0013954545454545454,0.05812272727272727,-0.09077727272727273,0,22
2023-05,Azure,acct-001,dev,102.5107,79.9356,61.8304,73.7867,316.6682,260085.30000000002,0.001229032258064516,0.07002903225806452,0.06743870967741934,0,31
2023-05,Azure,acct-001,prod,977.2631,778.3548,280.7947,671.913,4124.9912,4438737.19,0.0009206896551724139,0.03351494252873563,0.03014022988505747,0,87
2023-05,Azure,acct-001,staging,153.4562,122.0827,55.8908,104.1078,376.69,476923.14,0.000796774193548387,0.021306451612903225,0.05137096774193549,0,31
2023-05,Azure,acct-002,dev,87.541,66.0091,48.4279,61.2859,165.4006,193449.1,0.0008652173913043479,0.01150869565217391,0.0808695652173913,0,23
2023-05,Azure,acct-002,prod,1216.1969,928.697,358.9493,804.2046,3809.1674000000003,5006935.33,0.0007597938144329897,0.034529896907216494,0.029934020618556705,0,97
2023-05,Azure,acct-002,staging,262.5017,204.6856,114.2713,181.6075,789.74,661307.39,0.0012523809523809523,0.0794095238095238,0.07024999999999999,0,42
2023-05,Azure,acct-003,dev,65.5916,50.4479,37.9153,47.2068,309.6305,186284.5,0.001618181818181818,0.05076363636363635,0.07209545454545455,0,22
2023-05,Azure,acct-003,prod,1077.873,815.6282,308.697,712.2112,3038.5195,4992298.26,0.0006255102040816327,0.05384081632653061,0.04016020408163266,0,98
2023-05,Azure,acct-003,staging,159.0881,119.1455,70.3838,104.59870000000001,299.1567,460024.42,0.00068,0.0027666666666666642,0.04980333333333334,0,30
2023-05,Azure,acct-004,dev,98.8244,77.6599,56.9454,72.6612,261.524,234486.49,0.001110344827586207,0.0744,0.13163793103448276,0,29
2023-05,Azure,acct-004,prod,1009.8127,791.98,291.1796,687.4304,2690.6501,4699917.59,0.0005793478260869566,0.03579891304347826,0.009951086956521736,0,92
2023-05,Azure,acct-004,staging,239.2739,183.1142,101.3202,160.2708,437.0553,563227.26,0.0007888888888888889,0.018738888888888885,0.05865000000000001,0,36
2023-05,Azure,acct-005,dev,78.5825,61.2479,45.6844,55.1346,155.7701,168313.5,0.0009285714285714286,0.08103809523809524,0.0006523809523809519,0,21
2023-05,Azure,acct-005,prod,880.3613,678.3776,253.2441,587.3551,2919.8591,3897986.91,0.0007272727272727273,0.05966623376623376,0.0554038961038961,0,77
2023-05,Azure,acct-005,staging,286.6231,217.4904,124.02980000000001,189.3958,822.155,726022.45,0.0011770833333333332,0.05681666666666666,0.0640125,0,48
2023-05,Azure,acct-006,dev,74.5672,60.6208,44.7806,55.4183,319.805,209061.19,0.001572,0.045892,-0.006979999999999995,0,25
2023-05,Azure,acct-006,prod,1189.8229000000001,899.0344,314.7081,775.5195,4324.889,5278540.84,0.0008442307692307692,0.05287692307692308,0.05100288461538462,0,104
2023-05,Azure,acct-006,staging,262.33639999999997,205.4107,106.4182,178.5182,502.4968,661786.21,0.0007813953488372093,0.0003023255813953504,0.060637209302325586,0,43
2023-05,Azure,acct-007,dev,113.611,91.403,70.0159,83.6112,397.3964,245233.98,0.0015566666666666667,0.05455666666666667,-0.002176666666666668,0,30
2023-05,Azure,acct-007,prod,925.1448,710.922,233.4873,609.9876,2959.3832,3945102.81,0.0007564102564102564,0.024914102564102564,0.08175897435897436,0,78
2023-05,Azure,acct-007,staging,239.3231,182.5688,100.2535,159.2199,745.6263,650405.59,0.001130232558139535,0.0474093023255814,0.029253488372093017,0,43
2023-05,Azure,acct-008,dev,52.7871,39.722,29.5049,36.1144,138.0401,149048.32,0.0009388888888888888,0.06093333333333333,0.0539388888888889,0,18
2023-05,Azure,acct-008,prod,1273.7996,991.8171,298.4882,841.2128,3898.3919,5508060.29,0.0007121495327102804,0.05128317757009346,0.07247009345794392,0,107
2023-05,Azure,acct-008,staging,258.085,196.7574,104.9421,170.4624,934.3982,637825.05,0.001444186046511628,0.03566744186046512,0.06819767441860465,0,43
2023-05,Azure,acct-009,dev,54.3313,41.9055,30.5903,39.3917,160.6551,134254.17,0.0011875,-0.010693749999999998,0.0869375,0,16
2023-05,Azure,acct-009,prod,1135.416,877.5048,343.341,761.6833,3618.7497,5159762.11,0.000703030303030303,0.04797373737373737,0.020570707070707073,0,99
2023-05,Azure,acct-009,staging,197.9795,159.8273,73.134,140.5391,430.9982,470353.28,0.0008903225806451613,0.0780258064516129,-0.020029032258064516,0,31
2023-05,Azure,acct-010,dev,82.4653,65.0852,49.1594,60.192,221.94369999999998,190102.21,0.0011478260869565216,0.0308,8.6956521739145e-06,0,23
2023-05,Azure,acct-010,prod,1180.6698,918.591,387.8794,804.1544,4951.4515,4996648.05,0.0010402061855670104,0.06483092783505154,0.03865154639175258,0,97
2023-05,Azure,acct-010,staging,220.7429,166.70159999999998,89.351,145.4807,453.0141,598730.41,0.0007384615384615384,0.06452307692307692,0.09916666666666667,0,39
2023-05,GCP,acct-001,dev,71.2204,54.6323,42.4481,51.3517,131.1297,182933.7,0.0007130434782608695,0.08758695652173913,0.052943478260869564,0,23
2023-05,GCP,acct-001,prod,1007.6439,798.4298,333.6169,699.592,3780.7434000000003,4967874.06,0.0007802083333333333,0.04086979166666666,0.03998541666666667,0,96
2023-05,GCP,acct-001,staging,171.0419,134.673,71.0987,119.2711,446.9954,475491.66,0.0009483870967741936,0.059106451612903226,0.08792903225806452,0,31
2023-05,GCP,acct-002,dev,83.8347,68.2906,50.4293,60.2284,307.17060000000004,184456.25,0.0016478260869565219,0.12281304347826087,-0.014065217391304343,0,23
2023-05,GCP,acct-002,prod,1051.6938,821.8432,256.8788,707.0326,3251.7429,4734437.32,0.000678494623655914,0.03753978494623656,0.05595483870967742,0,93
2023-05,GCP,acct-002,staging,124.7766,100.6828,56.3412,85.3826,489.3412,403047.15,0.0012384615384615385,0.0740346153846154,0.018630769230769232,0,26
2023-05,GCP,acct-003,dev,70.26089999999999,53.7806,41.5937,49.8626,264.2472,122848.65,0.0023266666666666666,-0.011826666666666662,0.12448,0,15
2023-05,GCP,acct-003,prod,1064.5317,817.5327,285.4364,700.8693,3808.7483,4854970.75,0.0007872340425531915,0.0673563829787234,0.10269255319148936,0,94
2023-05,GCP,acct-003,staging,230.6849,176.12199999999999,99.0566,155.12199999999999,992.1974,667455.15,0.0014795454545454543,0.00869090909090909,0.00927045454545455,0,44
2023-05,GCP,acct-004,dev,84.1653,62.73,45.9046,56.504599999999996,162.6729,230105.9,0.0007142857142857143,0.10747142857142856,0.044139285714285714,0,28
2023-05,GCP,acct-004,prod,977.9834,748.3437,305.1355,654.7914,4484.8008,4424075.5,0.0010166666666666668,0.04054523809523809,0.06094761904761905,0,84
2023-05,GCP,acct-004,staging,232.8929,180.66910000000001,96.8351,157.5402,659.2138,626604.94,0.0010804878048780487,0.05921463414634146,0.008878048780487806,0,41
2023-05,GCP,acct-005,dev,62.4594,50.1939,38.097500000000004,47.2861,146.3042,166272.98,0.0009095238095238095,0.09141428571428571,0.10421428571428573,0,21
2023-05,GCP,acct-005,prod,1134.0994,903.5591000000001,364.4227,787.41,3684.4878,5063143.47,0.0007391752577319587,0.027303092783505154,0.03892061855670103,0,97
2023-05,GCP,acct-005,staging,218.9586,168.653,109.3868,152.2703,1117.4724,584198.58,0.0019368421052631578,0.03179736842105264,-0.0038999999999999955,0,38
2023-05,GCP,acct-006,dev,73.3742,56.1785,41.2733,50.8364,311.192,171397.24,0.0018142857142857145,0.08584285714285714,0.08751904761904762,0,21
2023-05,GCP,acct-006,prod,954.5809,702.9645,257.3153,602.5988,2711.5263,4324300.7,0.0006341176470588235,0.0420764705882353,0.027111764705882353,0,85
2023-05,GCP,acct-006,staging,174.0685,131.1164,75.56400000000001,118.4911,497.29630000000003,562564.51,0.0008888888888888889,0.0750888888888889,0.024044444444444448,0,36
2023-05,GCP,acct-007,dev,107.8126,81.1108,58.3221,72.8192,224.0207,229906.05,0.0009785714285714287,0.070675,-0.01495357142857143,0,28
2023-05,GCP,acct-007,prod,994.5541,773.4303,279.6942,664.8201,2621.4134,4534959.19,0.0005724137931034483,0.040827586206896554,-0.03604827586206897,0,87
2023-05,GCP,acct-007,staging,196.2977,154.7559,94.874,136.1842,682.9723,472775.67,0.0014838709677419354,0.0693,0.05593225806451612,0,31
2023-05,GCP,acct-008,dev,54.0483,39.217,30.6336,37.192,91.01570000000001,166518.51,0.000545,0.028229999999999998,0.07973,0,20
2023-05,GCP,acct-008,prod,946.1335,725.9072,260.2054,626.4767,3864.9626,4239301.42,0.0008976190476190476,0.05730595238095238,0.02867380952380953,0,84
2023-05,GCP,acct-008,staging,204.3579,156.7834,79.8648,136.9035,534.6985,590605.58,0.0009256410256410256,0.06864358974358974,0.03842051282051282,0,39
2023-05,GCP,acct-009,dev,59.0879,45.7808,36.4963,42.225300000000004,183.1149,144801.4,0.0013222222222222222,0.07995000000000001,0.14289444444444444,0,18
2023-05,GCP,acct-009,prod,1171.4946,918.3517,332.2049,791.0342,3692.1579,5483313.36,0.0006738317757009345,0.04431401869158878,0.0666588785046729,0,107
2023-05,GCP,acct-009,staging,272.2542,201.9457,106.7249,173.7128,1118.093,677340.92,0.0016177777777777779,0.033688888888888886,0.05861333333333333,0,45
2023-05,GCP,acct-010,dev,73.7722,56.6505,43.9091,53.412,156.1787,188410.68,0.000808695652173913,0.03234347826086957,0.015121739130434783,0,23
2023-05,GCP,acct-010,prod,1081.4816,823.7283,307.4214,710.6174,3616.7786,5125091.0,0.0006980392156862745,0.03542941176470588,0.07340686274509804,0,102
2023-05,GCP,acct-010,staging,200.735,151.2004,77.6574,134.7248,538.5182,617972.86,0.000865,0.0461175,-0.005287500000000003,0,40
2023-06,AWS,acct-001,dev,133.9509,104.3438,78.7839,96.8856,326.671,272945.91,0.001211764705882353,0.011708823529411763,0.0618764705882353,0,34
2023-06,AWS,acct-001,prod,1202.7832,929.9442,331.7248,800.8827,2969.0737,4362059.6,0.0006811764705882353,0.047596470588235296,0.07435058823529411,0,85
2023-06,AWS,acct-001,staging,353.3067,264.0057,149.2922,234.9264,877.9576,719772.29,0.0012,0.06961276595744681,0.12359787234042553,0,47
2023-06,AWS,acct-002,dev,143.6137,111.7488,81.8335,102.06060000000001,396.2627,228868.99,0.0016964285714285714,-0.00011071428571428492,0.012478571428571433,0,28
2023-06,AWS,acct-002,prod,1079.598,815.9695,260.8735,695.4445,3706.98,3917415.61,0.0009789473684210525,0.08371973684210526,0.09201447368421052,0,76
2023-06,AWS,acct-002,staging,260.1135,203.7437,113.89840000000001,181.7144,1112.9235,566114.59,0.0018135135135135137,0.023162162162162162,-0.04297027027027027,0,37
2023-06,AWS,acct-003,dev,132.4031,104.1876,76.7666,96.4077,556.8951999999999,237957.77,0.002193333333333333,0.041286666666666666,0.12697333333333333,0,30
2023-06,AWS,acct-003,prod,1414.2371,1061.5661,431.8755,927.5628,4655.5107,4699673.25,0.0010108695652173913,0.03857826086956522,0.032767391304347825,0,92
2023-06,AWS,acct-003,staging,218.5175,171.96030000000002,96.3039,153.5965,575.7035,543048.38,0.0010833333333333333,0.07731388888888889,0.055955555555555564,0,36
2023-06,AWS,acct-004,dev,122.2973,98.7548,73.5221,89.9412,281.3182,236803.83,0.0012241379310344827,0.022920689655172414,0.10996551724137932,0,29
2023-06,AWS,acct-004,prod,1017.0587,793.2363,261.1221,680.7526,3495.4852,3838559.46,0.0009162162162162162,0.06397567567567566,0.05796486486486486,0,74
2023-06,AWS,acct-004,staging,288.8322,230.8719,139.5918,206.9288,946.0287000000001,572103.92,0.0016894736842105265,0.03473421052631579,0.11747631578947369,0,38
2023-06,AWS,acct-005,dev,40.6315,32.2004,25.4264,29.5666,78.85759999999999,110228.99,0.0007153846153846153,-0.022784615384615386,0.04881538461538462,0,13
2023-06,AWS,acct-005,prod,1512.2037,1204.4154,337.8406,1024.0433,4204.9156,4833401.6,0.0008926315789473684,0.032785263157894734,0.04171578947368421,0,95
2023-06,AWS,acct-005,staging,256.291,199.1319,97.5065,171.6044,724.6718,524147.17,0.0014294117647058824,0.03317058823529412,0.03292352941176471,0,34
2023-06,AWS,acct-006,dev,89.6505,70.4417,50.308099999999996,65.3887,363.6524,165341.38999999998,0.002105,0.11933500000000001,0.076725,0,20
2023-06,AWS,acct-006,prod,1303.4056,1036.7222,365.8468,892.3313,4865.1942,5010237.63,0.0009729166666666666,0.05538958333333333,0.021351041666666667,0,96
2023-06,AWS,acct-006,staging,245.3171,190.943,115.5726,172.3063,922.6666,563019.23,0.0015783783783783784,0.026999999999999996,0.053164864864864866,0,37
2023-06,AWS,acct-007,dev,62.0159,48.7612,36.2774,45.9366,103.26650000000001,128844.0,0.00081875,0.06005625,0.113425,0,16
2023-06,AWS,acct-007,prod,1469.7684,1142.8826,403.3,985.2617,5441.2827,5052939.83,0.0011161616161616161,0.07034343434343435,0.1047959595959596,0,99
2023-06,AWS,acct-007,staging,243.4474,183.7685,101.2175,162.1652,627.8581,553261.48,0.0011805555555555554,0.03855555555555556,0.08653055555555556,0,36
2023-06,AWS,acct-008,dev,96.3887,72.9442,53.6575,65.038,188.4367,168709.24,0.0010999999999999998,0.020939999999999993,-0.0033450000000000034,0,20
2023-06,AWS,acct-008,prod,1196.5149999999999,940.675,384.3659,818.3652999999999,2927.2892,4560985.89,0.0006292134831460674,0.04962022471910112,0.06193258426966293,0,89
2023-06,AWS,acct-008,staging,306.3625,233.53209999999999,122.487,203.8311,806.9688,700793.88,0.0011456521739130435,0.06295652173913044,0.11610652173913043,0,46
2023-06,AWS,acct-009,dev,141.4802,107.477,82.9657,99.5863,597.1152,243161.09,0.0024172413793103445,0.06947931034482759,0.03568620689655172,0,29
2023-06,AWS,acct-009,prod,1301.3626,992.3877,374.8224,857.3531,4062.8028,4680624.75,0.0008516483516483516,0.054857142857142854,0.021992307692307693,0,91
2023-06,AWS,acct-009,staging,117.877,95.2376,48.1102,85.2748,405.0241,301588.35,0.0014,0.065125,0.131385,0,20
2023-06,AWS,acct-010,dev,58.9847,46.9341,36.3404,43.5917,175.1042,147809.53,0.0011944444444444444,0.05301666666666667,0.07468333333333334,0,18
2023-06,AWS,acct-010,prod,1190.1397,916.5577,316.1275,789.6298,3741.7044,4413016.35,0.0008643678160919541,0.0683735632183908,0.018642528735632186,0,87
2023-06,AWS,acct-010,staging,300.4021,225.7448,121.263,200.4574,912.429,617216.18,0.0015153846153846153,0.03204102564102564,-0.02646923076923077,0,39
2023-06,Azure,acct-001,dev,95.87010000000001,70.4226,50.2766,61.8192,288.5421,142744.46,0.002011111111111111,0.02631666666666667,0.11740555555555557,0,18
2023-06,Azure,acct-001,prod,1064.8205,845.787,306.9326,723.8233,4524.5783,4168713.07,0.0011049999999999999,0.0537975,0.03031875,0,80
2023-06,Azure,acct-001,staging,269.4979,201.1753,111.4757,177.7643,740.6861,676886.87,0.0010818181818181818,0.08658181818181819,-0.0044159090909090875,0,44
2023-06,Azure,acct-002,dev,105.3586,83.0863,59.964600000000004,77.188,585.0881999999999,165460.02,0.00346,0.04592,0.09323000000000001,0,20
2023-06,Azure,acct-002,prod,1201.7926,926.7041,344.4823,802.2347,3538.0148,4782246.19,0.0007373626373626373,0.04550549450549451,0.013653846153846155,0,91
2023-06,Azure,acct-002,staging,299.8588,238.7563,142.9553,211.5699,942.2931,723598.77,0.0012808510638297873,0.040914893617021275,0.08762340425531916,0,47
2023-06,Azure,acct-003,dev,81.2251,63.0006,45.434,59.0162,228.9399,184686.91,0.00125,0.08545909090909092,0.08151363636363637,0,22
2023-06,Azure,acct-003,prod,1257.6267,964.0956,317.45640000000003,820.0346,3349.4426,4728056.91,0.0007153846153846155,0.0349010989010989,0.028615384615384615,0,91
2023-06,Azure,acct-003,staging,222.3897,164.99269999999999,96.817,149.8495,691.1922,450229.48,0.001603448275862069,0.023813793103448274,0.05825862068965517,0,29
2023-06,Azure,acct-004,dev,90.8283,67.0735,48.537,62.2695,253.004,202106.27,0.001196,0.09109199999999999,0.019624,0,25
2023-06,Azure,acct-004,prod,1217.0903,943.0676,321.4184,811.3828,3433.553,4875251.22,0.0007115789473684209,0.05316105263157895,-0.0075505263157894745,0,95
2023-06,Azure,acct-004,staging,266.9684,210.0614,129.8399,190.52439999999999,676.5853,586912.21,0.0011605263157894736,0.09153947368421052,0.011631578947368425,0,38
2023-06,Azure,acct-005,dev,74.20570000000001,56.1694,42.9792,51.534,377.2677,123085.53,0.0033,0.11389999999999999,0.0008533333333333328,0,15
2023-06,Azure,acct-005,prod,1114.679,886.2301,328.73789999999997,763.2153,4208.8393,4532356.04,0.0009465909090909091,0.05982954545454545,0.04993636363636364,0,88
2023-06,Azure,acct-005,staging,219.46200000000002,176.4642,89.66,154.9015,620.3318,547407.18,0.0011277777777777777,0.04354444444444444,0.008986111111111118,0,36
2023-06,Azure,acct-006,dev,82.1562,61.4464,45.7338,56.3458,177.3561,175167.58000000002,0.0009761904761904761,0.056509523809523815,0.015338095238095241,0,21
2023-06,Azure,acct-006,prod,1384.4088,1075.5121,367.915,933.2695,3767.2027,4690546.47,0.000812087912087912,0.0685021978021978,0.023517582417582415,0,91
2023-06,Azure,acct-006,staging,281.9547,209.46009999999998,105.64959999999999,181.231,1380.9924999999998,600838.38,0.0023435897435897437,0.057548717948717944,0.07744615384615385,0,39
2023-06,Azure,acct-007,dev,83.96470000000001,61.2828,48.9206,55.9026,180.8334,179088.54,0.0010863636363636362,0.1323090909090909,0.13335,0,22
2023-06,Azure,acct-007,prod,1118.7047,856.6445,272.0462,732.6096,3698.7417,4081936.51,0.000895,0.015837499999999997,0.0651075,0,80
2023-06,Azure,acct-007,staging,239.917,183.937,99.8695,162.4346,748.2466,530442.04,0.0014916666666666665,0.0765,0.09876944444444444,0,36
2023-06,Azure,acct-008,dev,87.2848,67.6687,51.4166,61.7898,391.5329,204610.47,0.001948,0.024131999999999997,0.065892,0,25
2023-06,Azure,acct-008,prod,1197.2655,920.5894000000001,382.5848,801.8747,3735.6063999999997,4310434.05,0.0008488095238095238,0.022846428571428573,0.057171428571428574,0,84
2023-06,Azure,acct-008,staging,179.242,136.0573,80.9186,119.52199999999999,733.8722,420060.03,0.001837037037037037,0.07383703703703703,0.0765,0,27
2023-06,Azure,acct-009,dev,124.4743,98.4355,74.5518,92.9482,354.31329999999997,272643.97,0.0012848484848484848,0.03126363636363637,0.032760606060606066,0,33
2023-06,Azure,acct-009,prod,1125.4641,859.4122,348.5738,743.9513,3595.6769999999997,4186481.04,0.0008475609756097562,0.06438658536585366,0.05763414634146342,0,82
2023-06,Azure,acct-009,staging,214.75130000000001,166.6654,90.4961,145.7867,515.4025,581138.95,0.0008789473684210526,0.05291315789473684,0.053015789473684204,0,38
2023-06,Azure,acct-010,dev,68.0468,56.8317,41.8185,51.3019,254.7418,155383.5,0.0015842105263157895,0.07296842105263159,0.08982105263157894,0,19
2023-06,Azure,acct-010,prod,1302.6336,1009.9345999999999,348.00939999999997,874.4367,4081.3337,5062673.9,0.0008131313131313131,0.06213838383838384,0.04722323232323232,0,99
2023-06,Azure,acct-010,staging,243.2913,190.9929,109.5595,163.8664,760.9941,565697.26,0.0013750000000000001,0.0729888888888889,0.0763,0,36
2023-06,GCP,acct-001,dev,108.9033,82.1378,60.707,76.2054,266.3572,227146.79,0.0012074074074074075,-0.005688888888888887,0.038,0,27
2023-06,GCP,acct-001,prod,982.1423,768.5115,285.7451,663.7576,2463.4453,4466258.4,0.0005588235294117647,0.08504588235294117,0.05589411764705883,0,85
2023-06,GCP,acct-001,staging,188.5171,148.9487,82.9073,130.58,513.766,449818.81,0.0010866666666666666,0.029026666666666666,0.016679999999999997,0,30
2023-06,GCP,acct-002,dev,60.7412,46.7829,33.3518,42.2766,84.1536,148415.39,0.0005722222222222222,0.055833333333333325,0.054688888888888884,0,18
2023-06,GCP,acct-002,prod,1173.3034,899.8759,303.4194,777.968,3426.7044,4772928.55,0.0007193548387096774,0.04188494623655914,0.030938709677419355,0,93
2023-06,GCP,acct-002,staging,259.3148,203.7249,110.277,181.4658,723.0985,616746.77,0.0011725,0.0363,0.005600000000000001,0,40
2023-06,GCP,acct-003,dev,86.6878,68.7366,52.5698,63.6838,370.0221,207660.26,0.0018538461538461538,0.0021807692307692296,0.0030153846153846142,0,26
2023-06,GCP,acct-003,prod,1065.9841000000001,842.0774,277.5374,723.5552,2989.2073,4223155.26,0.0006951807228915663,0.03029277108433735,0.06736506024096385,0,83
2023-06,GCP,acct-003,staging,269.7065,215.36169999999998,109.2636,187.92,845.6433,641960.6,0.0013073170731707317,0.07005853658536584,0.06385365853658537,0,41
2023-06,GCP,acct-004,dev,82.6321,62.2192,47.688900000000004,58.002700000000004,292.5225,184917.76,0.001552173913043478,0.04392608695652174,-0.007956521739130432,0,23
2023-06,GCP,acct-004,prod,1258.4598,955.3223,345.1599,834.3331,5002.8382,4909830.57,0.0010326315789473683,0.08161578947368421,0.050719999999999994,0,95
2023-06,GCP,acct-004,staging,220.9659,177.57920000000001,93.4003,150.3762,572.0368,511112.81,0.0011333333333333334,0.03601212121212121,0.07911515151515151,0,33
2023-06,GCP,acct-005,dev,102.2541,81.7953,60.9179,76.778,248.4596,240477.38,0.00105,0.03364,0.012816666666666667,0,30
2023-06,GCP,acct-005,prod,1358.1153,1047.4202,387.3334,899.2028,3957.4307,5429785.82,0.000730188679245283,0.07645188679245282,0.05673490566037735,0,106
2023-06,GCP,acct-005,staging,209.5328,158.327,89.61880000000001,137.9382,954.7269,508560.82,0.0018757575757575758,0.04534242424242424,0.07309696969696969,0,33
2023-06,GCP,acct-006,dev,92.7071,70.6678,51.601,64.72710000000001,339.8804,190700.4,0.0017541666666666667,0.0541625,0.12582083333333333,0,24
2023-06,GCP,acct-006,prod,1185.167,928.6203,392.3798,818.6843,3574.3684000000003,4638794.28,0.0007999999999999999,0.03814666666666666,0.04882444444444444,0,90
2023-06,GCP,acct-006,staging,191.1404,146.225,81.1563,126.96690000000001,514.5041,501706.04,0.001034375,0.0392875,0.07358437500000001,0,32
2023-06,GCP,acct-007,dev,103.1182,76.3292,57.3628,67.7347,341.0642,177420.93,0.0020136363636363637,0.07535454545454545,-0.07563181818181819,0,22
2023-06,GCP,acct-007,prod,1272.729,981.0805,345.1915,839.5156,3148.9491,5086769.62,0.0006262626262626262,0.023965656565656565,0.03881515151515152,0,99
2023-06,GCP,acct-007,staging,263.9334,210.9346,119.4533,190.51069999999999,958.1553,608788.85,0.0015175000000000002,0.041249999999999995,0.0019025000000000008,0,40
2023-06,GCP,acct-008,dev,79.57469999999999,59.8688,46.0775,56.3033,270.8251,162720.96,0.00172,0.020560000000000002,0.10263,0,20
2023-06,GCP,acct-008,prod,1062.2461,821.2968,285.8693,703.1036,4170.9775,4672433.54,0.0008922222222222222,0.06451444444444444,0.052366666666666666,0,90
2023-06,GCP,acct-008,staging,352.4286,277.438,160.8511,241.3411,936.4737,754557.9,0.0012612244897959185,-0.023624489795918368,0.008744897959183673,0,49
2023-06,GCP,acct-009,dev,65.3049,50.531,38.4602,47.3072,105.7635,151012.61,0.0007105263157894736,0.037063157894736846,0.05317368421052632,0,19
2023-06,GCP,acct-009,prod,1278.5978,955.9983,341.4944,825.4189,3794.7462,4779375.18,0.0007840425531914893,0.039985106382978725,0.008982978723404254,0,94
2023-06,GCP,acct-009,staging,273.1653,213.4646,116.888,188.0896,783.5903,670412.24,0.0011454545454545454,0.08460681818181819,0.11248409090909091,0,44
2023-06,GCP,acct-010,dev,104.89699999999999,82.2521,62.1053,76.5831,605.3658,202260.05,0.003024,0.108052,0.060156,0,25
2023-06,GCP,acct-010,prod,1296.7938,976.5457,370.9903,844.5283,3773.0474,4928954.07,0.0007625,0.057672916666666664,0.054745833333333334,0,96
2023-06,GCP,acct-010,staging,247.7132,194.9861,103.991,169.5038,923.1208,471406.27999999997,0.0019451612903225806,0.04706451612903226,0.030406451612903222,0,31
2023-07,AWS,acct-001,dev,91.0728,70.718,51.0615,64.7145,197.3539,179518.03,0.0010954545454545455,0.08186363636363637,0.03849545454545455,0,22
2023-07,AWS,acct-001,prod,1192.8157,903.6055,302.3154,769.3313,3210.5999,4376746.49,0.0007211764705882353,0.047296470588235294,0.05049647058823529,0,85
2023-07,AWS,acct-001,staging,277.5176,212.42000000000002,105.3479,178.3659,912.6556,560148.85,0.0017333333333333333,0.028699999999999996,0.060738888888888884,0,36
2023-07,AWS,acct-002,dev,113.03190000000001,89.58970000000001,69.5155,83.8637,196.8512,227896.73,0.0008642857142857142,-0.0050750000000000005,0.061010714285714286,0,28
2023-07,AWS,acct-002,prod,1031.7863,800.8103,318.6161,699.2071,2740.5861999999997,3925648.99,0.0006907894736842105,0.05524210526315789,0.10859736842105265,0,76
2023-07,AWS,acct-002,staging,285.0342,221.7078,128.5156,197.2294,1386.5244,697760.52,0.0020909090909090908,0.057343181818181814,0.12474090909090908,0,44
2023-07,AWS,acct-003,dev,127.7902,97.1477,69.9148,86.9895,314.8621,240007.01,0.001324137931034483,0.03288620689655172,0.023620689655172417,0,29
2023-07,AWS,acct-003,prod,1349.2311,1029.8365,357.6835,889.9469,4563.0136,4625313.8,0.0009538461538461539,0.0447989010989011,0.030805494505494507,0,91
2023-07,AWS,acct-003,staging,220.3972,173.6826,99.4958,154.2839,656.3099,517225.67,0.0012303030303030301,0.05731818181818182,0.011869696969696971,0,33
2023-07,AWS,acct-004,dev,108.6187,85.9104,60.616299999999995,77.5992,374.44190000000003,219233.3,0.0016777777777777778,0.012359259259259259,0.05145185185185185,0,27
2023-07,AWS,acct-004,prod,1264.0458,958.0224,335.7241,824.8858,4562.2895,4505243.4,0.0010321839080459768,0.09118505747126437,0.026345977011494253,0,87
2023-07,AWS,acct-004,staging,181.654,148.6559,65.8439,125.2245,628.2085,414336.68,0.0015333333333333334,0.03821481481481482,-0.0010444444444444461,0,27
2023-07,AWS,acct-005,dev,77.5429,58.9846,43.428,55.1673,274.236,172237.58,0.0016095238095238094,0.1009,0.10964285714285715,0,21
2023-07,AWS,acct-005,prod,1224.9171000000001,937.5951,318.3745,795.3049,3738.8585000000003,4441429.25,0.0008482758620689656,0.02905977011494253,0.0343551724137931,0,87
2023-07,AWS,acct-005,staging,257.4842,197.7001,110.1376,175.6657,779.9624,465334.19,0.0017000000000000001,0.07697333333333332,0.04993333333333334,0,30
2023-07,AWS,acct-006,dev,114.0016,89.7319,64.1388,83.6992,295.5063,217370.41999999998,0.0013653846153846155,0.03065769230769231,0.03545,0,26
2023-07,AWS,acct-006,prod,1408.6375,1100.2041,375.997,940.4994,4066.2462,4787740.11,0.0008578947368421053,0.04201263157894737,0.12291157894736843,0,95
2023-07,AWS,acct-006,staging,224.3145,176.2799,99.2518,150.9457,713.7703,470317.38,0.00157,0.032709999999999996,0.13806333333333332,0,30
2023-07,AWS,acct-007,dev,117.9385,93.8425,73.3783,86.8431,416.3279,239277.02,0.001706896551724138,-0.006058620689655172,0.0590551724137931,0,29
2023-07,AWS,acct-007,prod,1341.3305,1059.8676,354.6802,904.5313,4661.9928,5130974.73,0.000904,0.075332,0.033043,0,100
2023-07,AWS,acct-007,staging,301.9949,232.91649999999998,112.2901,202.6816,694.9798,676198.39,0.0010704545454545454,0.10907272727272727,0.08650227272727272,0,44
2023-07,AWS,acct-008,dev,88.9135,67.839,47.6783,61.4976,192.9771,185070.01,0.0010136363636363637,0.04389090909090909,0.022286363636363635,0,22
2023-07,AWS,acct-008,prod,1540.1304,1170.5871,397.272,1001.3486,4558.7339,5261482.11,0.0008990196078431373,0.0435656862745098,0.037419607843137255,0,102
2023-07,AWS,acct-008,staging,318.6571,242.2353,141.451,214.1625,1193.5142,713183.61,0.0017021739130434782,0.05449347826086957,0.05297391304347827,0,46
2023-07,AWS,acct-009,dev,86.093,63.4228,48.9349,60.4659,269.8476,195587.82,0.0014333333333333333,0.08124166666666667,0.08875,0,24
2023-07,AWS,acct-009,prod,1253.9752,971.0241,349.2938,836.6978,4517.8062,5113264.16,0.000860204081632653,0.04512755102040816,0.08562755102040817,0,98
2023-07,AWS,acct-009,staging,252.40120000000002,197.29760000000002,119.6343,178.1864,1288.3115,583118.94,0.0022567567567567566,0.06224594594594595,0.11484864864864863,0,37
2023-07,AWS,acct-010,dev,83.89269999999999,62.3931,48.1851,59.769400000000005,304.0469,188044.78,0.001673913043478261,0.05210869565217391,-0.0518391304347826,0,23
2023-07,AWS,acct-010,prod,1237.002,986.0569,371.0088,848.2827,3688.6872,4690141.59,0.000791304347826087,0.000891304347826086,0.060336956521739135,0,92
2023-07,AWS,acct-010,staging,308.2427,244.6642,139.8922,214.1222,832.9537,602906.7,0.0013794871794871794,0.045017948717948716,0.02731538461538462,0,39
2023-07,Azure,acct-001,dev,98.3417,76.5274,54.1539,70.2112,411.86990000000003,195504.39,0.002104166666666667,0.044962499999999996,0.028979166666666657,0,24
2023-07,Azure,acct-001,prod,1309.4455,978.8118,347.2579,847.4474,4448.4171,5298608.7299999995,0.0008413461538461538,0.03285384615384615,0.06958557692307693,0,104
2023-07,Azure,acct-001,staging,238.4594,189.0889,99.1231,165.9266,705.1411,629020.54,0.0010976190476190476,0.028392857142857147,0.041999999999999996,0,42
2023-07,Azure,acct-002,dev,107.1243,86.57939999999999,61.9995,79.5896,273.7327,195298.23,0.0014666666666666665,0.0834625,0.16992083333333333,0,24
2023-07,Azure,acct-002,prod,1264.1588,1000.0212,384.6581,863.0612,5168.7533,5007580.41,0.0010323232323232324,0.06012323232323233,0.049985858585858585,0,99
2023-07,Azure,acct-002,staging,213.2523,164.8333,83.3592,144.5315,659.5475,543925.34,0.001236111111111111,0.049077777777777776,0.07307777777777777,0,36
2023-07,Azure,acct-003,dev,116.9678,94.2021,69.9567,85.3665,303.4874,230693.09,0.0013035714285714285,0.10916428571428571,0.02123571428571428,0,28
2023-07,Azure,acct-003,prod,1013.0885000000001,805.2289,291.1563,697.2387,2975.8161,4084217.35,0.00071125,0.033257499999999995,0.058094999999999994,0,80
2023-07,Azure,acct-003,staging,265.9612,205.9572,104.6195,179.5265,1033.1018,531366.59,0.0020088235294117647,0.07565588235294118,0.06218235294117648,0,34
2023-07,Azure,acct-004,dev,87.1505,65.56739999999999,44.4395,60.0398,311.874,197905.37,0.0015166666666666668,0.04762916666666667,-0.005854166666666673,0,24
2023-07,Azure,acct-004,prod,1321.336,1013.5063,343.3979,861.4387,4159.2258,4945082.18,0.0008525773195876288,0.07762680412371134,0.08079381443298969,0,97
2023-07,Azure,acct-004,staging,258.5217,199.8181,109.4034,179.1122,1050.5364,575641.8,0.001786111111111111,0.039025000000000004,0.07596388888888889,0,36
2023-07,Azure,acct-005,dev,102.9341,77.5739,54.7908,70.6515,315.0503,200790.9,0.001596,0.0696,-0.018096,0,25
2023-07,Azure,acct-005,prod,1044.7134,790.9768,296.0745,685.211,3638.5102,4903013.36,0.0007747368421052632,0.06423052631578947,0.04680736842105263,0,95
2023-07,Azure,acct-005,staging,283.8333,212.1832,105.2741,183.908,630.6453,753906.5599999999,0.0008408163265306122,0.08160612244897959,0.03288367346938775,0,49
2023-07,Azure,acct-006,dev,132.7559,100.03699999999999,76.1249,92.6775,407.93129999999996,316857.35,0.0012631578947368421,0.08164210526315789,-0.017205263157894734,0,38
2023-07,Azure,acct-006,prod,999.708,781.9588,310.846,682.4623,2296.7797,3934689.23,0.0005886075949367088,0.07022151898734177,0.028498734177215195,0,79
2023-07,Azure,acct-006,staging,285.5113,210.0741,113.60849999999999,187.7899,1265.2126,588432.16,0.002212820512820513,0.0335974358974359,0.044094871794871794,0,39
2023-07,Azure,acct-007,dev,88.8243,68.7951,52.420500000000004,62.6499,454.3357,167761.55,0.00261,0.018889999999999997,0.05835,0,20
2023-07,Azure,acct-007,prod,1292.6885,983.9946,397.429,859.1744,4026.8429,4994462.1,0.0008112244897959184,0.07600918367346939,0.07386632653061224,0,98
2023-07,Azure,acct-007,staging,219.4015,176.39,84.0858,154.521,984.5142,549114.84,0.0019194444444444448,0.07207222222222222,0.006019444444444443,0,36
2023-07,Azure,acct-008,dev,93.7386,75.5161,56.0203,69.2577,454.0949,180729.23,0.002390909090909091,0.04761818181818182,0.04519090909090909,0,22
2023-07,Azure,acct-008,prod,1329.0009,1043.1384,435.8701,914.6386,4057.3062,4907326.84,0.0008270833333333333,0.06547499999999999,0.056996875,0,96
2023-07,Azure,acct-008,staging,224.2497,182.1947,103.4544,165.2147,514.6202,576326.46,0.000918421052631579,0.013007894736842104,0.028573684210526324,0,38
2023-07,Azure,acct-009,dev,129.1638,103.7574,79.822,95.9159,278.9889,245686.37,0.00116,0.07618333333333333,0.05488,0,30
2023-07,Azure,acct-009,prod,1197.1245,940.6511,367.5433,815.7057,3386.9111,4505690.75,0.0007611111111111112,0.047647777777777775,0.03705888888888889,0,90
2023-07,Azure,acct-009,staging,186.3196,142.9541,76.3605,125.9688,619.3439,477810.86,0.0013193548387096775,0.04269677419354839,0.06329354838709678,0,31
2023-07,Azure,acct-010,dev,78.5176,61.376200000000004,45.5375,56.7102,479.4904,151280.63,0.0031388888888888885,0.04696111111111111,0.061594444444444445,0,18
2023-07,Azure,acct-010,prod,1473.8542,1157.7937,403.4713,994.5138000000001,3817.0019,5326094.59,0.0007259615384615384,0.05308846153846154,0.012191346153846153,0,104
2023-07,Azure,acct-010,staging,211.6229,162.7647,79.0077,137.3436,847.4972,514106.53,0.0016352941176470588,0.05386176470588236,0.08865882352941178,0,34
2023-07,GCP,acct-001,dev,95.2876,77.199,57.690200000000004,70.7791,422.371,180655.31,0.002390909090909091,0.041327272727272726,0.014036363636363637,0,22
2023-07,GCP,acct-001,prod,917.3992000000001,714.5754,254.69480000000001,616.1631,2519.1553,4079404.39,0.00063,0.031325000000000006,0.0585425,0,80
2023-07,GCP,acct-001,staging,325.7694,256.4187,124.4378,223.8838,913.2851,745236.83,0.001196,0.08451399999999999,0.075668,0,50
2023-07,GCP,acct-002,dev,68.8386,54.7318,41.4595,51.8774,306.0564,158282.61000000002,0.00196,0.06454,0.123045,0,20
2023-07,GCP,acct-002,prod,1323.853,1027.5387,313.2005,873.9163,3926.6016,5010391.3,0.00078989898989899,0.053288888888888886,0.07563030303030303,0,99
2023-07,GCP,acct-002,staging,206.7391,155.5647,76.5387,137.8281,438.7354,590418.08,0.0007564102564102564,0.08767179487179487,0.05035641025641026,0,39
2023-07,GCP,acct-003,dev,74.6975,55.9212,43.329,52.3706,119.6651,185106.24,0.0006363636363636364,-0.02405454545454545,0.01678636363636364,0,22
2023-07,GCP,acct-003,prod,1439.2526,1127.9468,454.9328,985.7845,5040.908,5415620.74,0.0009283018867924528,0.07118962264150944,0.0524877358490566,0,106
2023-07,GCP,acct-003,staging,285.1272,221.4869,108.4653,192.5181,950.6370000000001,635563.84,0.0015142857142857143,0.03891666666666667,0.046259523809523806,0,42
2023-07,GCP,acct-004,dev,74.3789,58.9333,45.2412,55.0304,181.0625,171437.59,0.0010809523809523808,0.07810476190476191,0.0745095238095238,0,21
2023-07,GCP,acct-004,prod,1259.1643,971.0347,310.8073,826.1253,3904.1752,5557663.95,0.0007293577981651376,0.027009174311926606,0.07124311926605505,0,109
2023-07,GCP,acct-004,staging,230.3833,177.3477,88.3034,152.8985,792.4347,550757.74,0.0014324324324324323,0.02896486486486486,0.045778378378378386,0,37
2023-07,GCP,acct-005,dev,103.57379999999999,78.1591,58.5531,71.0178,309.0585,181176.22,0.0017090909090909092,0.048100000000000004,0.0010136363636363656,0,22
2023-07,GCP,acct-005,prod,1035.9689,781.628,281.7489,671.3567,2948.301,4680718.09,0.0006472527472527473,0.021106593406593408,0.08251208791208792,0,91
2023-07,GCP,acct-005,staging,295.6952,231.2841,122.6615,202.14770000000001,1116.5559,696432.75,0.0016155555555555556,0.039891111111111106,0.04076222222222222,0,45
2023-07,GCP,acct-006,dev,87.6516,71.3461,53.7767,67.6624,264.4479,194460.06,0.0013416666666666666,0.17766250000000003,0.1646125,0,24
2023-07,GCP,acct-006,prod,1211.0937,955.5443,333.2763,821.2512,4570.4977,4698324.5,0.000989247311827957,0.02745483870967742,0.06824193548387096,0,93
2023-07,GCP,acct-006,staging,264.1545,200.2343,113.1136,177.472,1157.1022,627716.73,0.0018170731707317072,0.01953658536585366,0.12762926829268292,0,41
2023-07,GCP,acct-007,dev,103.914,84.8757,63.1782,77.6638,174.8751,193347.83000000002,0.0009166666666666666,0.05805,0.15551666666666666,0,24
2023-07,GCP,acct-007,prod,903.6766,709.6169,246.0356,617.4526,2886.6021,3531246.5,0.00083768115942029,0.04582898550724637,0.03744782608695653,0,69
2023-07,GCP,acct-007,staging,318.0815,248.7259,126.2227,216.514,967.9898000000001,693503.12,0.0013333333333333333,0.061160000000000006,-0.00038888888888889293,0,45
2023-07,GCP,acct-008,dev,80.6532,62.7352,44.6677,57.2736,180.7994,159101.2,0.00118,0.039525000000000005,0.122675,0,20
2023-07,GCP,acct-008,prod,1062.7391,815.0692,308.3891,712.0768,3354.3499,4188386.41,0.0008341463414634146,0.06165853658536585,0.04975487804878049,0,82
2023-07,GCP,acct-008,staging,229.8766,173.7142,94.7123,155.5599,632.049,565184.8200000001,0.0011216216216216215,0.03376486486486486,0.11871351351351352,0,37
2023-07,GCP,acct-009,dev,99.74889999999999,76.5755,56.427600000000005,68.9601,242.59969999999998,239941.79,0.0010107142857142856,0.032175,0.024425000000000002,0,28
2023-07,GCP,acct-009,prod,1071.6086,837.2576,306.0791,716.4029,3196.9601,4325707.16,0.0007611764705882354,0.03596470588235294,0.029141176470588233,0,85
2023-07,GCP,acct-009,staging,288.3534,226.7197,100.2031,196.4728,1071.7507,648764.22,0.0016333333333333332,0.03922619047619048,0.011919047619047617,0,42
2023-07,GCP,acct-010,dev,53.5161,40.4071,30.492,37.4107,208.8087,143045.43,0.0014833333333333335,0.15808333333333333,0.04119444444444445,0,18
2023-07,GCP,acct-010,prod,1304.9493,1010.2408,342.5874,862.7102,4258.9875,4944262.6,0.0008714285714285715,0.0415469387755102,0.038360204081632654,0,98
2023-07,GCP,acct-010,staging,314.3595,238.4837,127.2007,211.47560000000001,842.3691,600640.81,0.001382051282051282,0.02605128205128205,0.013820512820512824,0,39
2023-08,AWS,acct-001,dev,92.1746,70.189,51.5446,64.6893,287.8168,215572.04,0.0013111111111111112,0.05356296296296296,-0.0034222222222222215,0,27
2023-08,AWS,acct-001,prod,1280.1582,960.2265,369.1315,835.3505,4933.1644,4971798.7,0.0010030927835051546,0.04632474226804124,0.017374226804123708,0,97
2023-08,AWS,acct-001,staging,209.3789,158.9555,76.4304,136.2762,505.8649,481580.11,0.0010580645161290324,0.10234516129032259,0.007732258064516131,0,31
2023-08,AWS,acct-002,dev,66.984,53.613,39.3384,47.4088,178.1722,147946.45,0.0012555555555555555,0.018888888888888886,0.01599444444444444,0,18
2023-08,AWS,acct-002,prod,1188.9445,919.2502,350.9653,792.7208,3496.9092,5036678.73,0.0007,0.058651546391752574,0.09052061855670103,0,97
2023-08,AWS,acct-002,staging,209.6007,165.7108,100.16720000000001,150.2341,611.6392,551580.03,0.0011138888888888889,0.054275,0.035666666666666666,0,36
2023-08,AWS,acct-003,dev,76.7845,59.9021,43.6601,54.6746,197.6078,184459.52,0.0010727272727272727,0.06485454545454546,0.09284545454545455,0,22
2023-08,AWS,acct-003,prod,1265.5433,977.4805,372.8767,850.123,4411.1088,4662254.49,0.0009782608695652173,0.05679782608695653,0.010448913043478262,0,92
2023-08,AWS,acct-003,staging,312.1875,251.4544,144.1942,225.9544,1045.1309999999999,660275.79,0.001541860465116279,0.016204651162790695,0.10417441860465115,0,43
2023-08,AWS,acct-004,dev,134.86090000000002,103.2623,74.7735,94.1764,416.6195,285887.08,0.0014777777777777777,0.06383333333333334,0.01561944444444444,0,36
2023-08,AWS,acct-004,prod,1464.1147,1140.0869,405.5797,978.1872,5621.9655999999995,5176243.93,0.001129,0.045876,0.066011,0,100
2023-08,AWS,acct-004,staging,252.12030000000001,195.225,113.6426,173.0775,770.0141,625186.38,0.0012924999999999998,0.0657025,0.0371475,0,40
2023-08,AWS,acct-005,dev,94.9973,69.2993,53.9181,62.9382,439.3234,249161.61000000002,0.0018933333333333335,0.04372333333333333,0.030169999999999995,0,30
2023-08,AWS,acct-005,prod,1305.8692,1007.4962,352.8331,868.6822,3630.2421,5483969.08,0.0006688679245283018,0.054165094339622646,-0.01731320754716981,0,106
2023-08,AWS,acct-005,staging,216.4734,168.3469,98.8399,150.6455,830.3308999999999,580781.87,0.0014526315789473684,0.03769473684210527,0.018021052631578948,0,38
2023-08,AWS,acct-006,dev,81.9285,63.6868,48.2742,58.4412,204.70940000000002,145060.8,0.0014277777777777778,0.05191111111111111,-0.009077777777777777,0,18
2023-08,AWS,acct-006,prod,1239.3952,976.664,370.057,849.779,4452.8804,5050165.53,0.0009131313131313131,0.05478080808080808,0.036630303030303034,0,99
2023-08,AWS,acct-006,staging,243.2142,188.7485,107.8155,171.1031,1015.5395,602306.39,0.001695,0.0484475,0.007654999999999998,0,40
2023-08,AWS,acct-007,dev,83.9063,62.6416,45.069,58.0303,304.65290000000005,208737.97,0.001484,0.039,0.02218,0,25
2023-08,AWS,acct-007,prod,1306.8979,1011.8388,410.8419,885.9072,4983.7194,5098034.39,0.000986,0.017466999999999996,0.071665,0,100
2023-08,AWS,acct-007,staging,281.1996,209.3657,130.3144,190.7399,815.5677000000001,733445.55,0.0010638297872340426,0.06458510638297872,0.0790808510638298,0,47
2023-08,AWS,acct-008,dev,99.504,78.1123,57.298,73.9291,217.0136,216007.31,0.001026923076923077,0.09524615384615384,0.07858846153846154,0,26
2023-08,AWS,acct-008,prod,950.5305,740.8942,277.9651,639.7812,3041.053,4183407.26,0.0007536585365853659,0.057453658536585364,0.04681219512195122,0,82
2023-08,AWS,acct-008,staging,247.6858,188.38049999999998,102.5087,167.5477,651.8804,520351.23,0.0012176470588235295,0.03758529411764705,0.05627352941176471,0,34
2023-08,AWS,acct-009,dev,87.2324,70.50019999999999,54.3084,66.1444,317.3446,200880.38,0.0016791666666666667,0.07716666666666666,0.10254999999999999,0,24
2023-08,AWS,acct-009,prod,1097.1632,850.5389,300.6176,732.6906,4271.758,4501512.41,0.0009426966292134832,0.07690224719101123,0.0659752808988764,0,89
2023-08,AWS,acct-009,staging,203.5763,159.87120000000002,88.9414,142.927,609.3242,654641.38,0.0009585365853658537,0.036014634146341463,0.11462439024390245,0,41
2023-08,AWS,acct-010,dev,82.4023,61.3437,45.0911,55.6894,132.4387,156477.37,0.000863157894736842,0.015605263157894738,0.05465789473684211,0,19
2023-08,AWS,acct-010,prod,1350.6327,1031.5265,341.8482,891.9441,4163.145,5712080.02,0.0007309090909090909,0.03490454545454545,0.08875636363636363,0,110
2023-08,AWS,acct-010,staging,214.594,175.0669,86.1405,147.9908,674.9134,594501.0,0.0011342105263157894,0.06616052631578948,-0.01361052631578947,0,38
2023-08,Azure,acct-001,dev,89.2736,66.5365,52.132999999999996,59.0836,249.84480000000002,208899.03,0.0011461538461538462,0.0743576923076923,0.15350769230769232,0,26
2023-08,Azure,acct-001,prod,993.9284,768.4888,271.6566,661.4509,3638.9958,4575863.93,0.0008112359550561798,0.0668247191011236,0.05076966292134832,0,89
2023-08,Azure,acct-001,staging,289.678,232.8154,141.8755,211.3365,1215.1929,689688.55,0.0017222222222222222,0.04476888888888889,0.02618888888888889,0,45
2023-08,Azure,acct-002,dev,63.5977,49.5174,37.2967,46.7269,228.9957,169183.76,0.001295,0.02794,0.14667000000000002,0,20
2023-08,Azure,acct-002,prod,982.5332,742.2383,280.1342,640.9661,2720.9228,4318519.59,0.0006325581395348837,0.03251976744186046,0.03733604651162791,0,86
2023-08,Azure,acct-002,staging,242.7612,200.3062,98.1579,173.8583,626.1721,536374.3200000001,0.0011911764705882354,0.0646235294117647,0.08221470588235293,0,34
2023-08,Azure,acct-003,dev,66.118,51.8749,38.957499999999996,47.3895,361.3158,164329.66999999998,0.002119047619047619,0.021900000000000003,0.0028190476190476203,0,21
2023-08,Azure,acct-003,prod,1078.4248,836.303,315.1608,732.0516,3415.9066000000003,4657898.38,0.0007211111111111111,0.04369777777777777,0.05224777777777778,0,90
2023-08,Azure,acct-003,staging,160.1993,125.8582,65.8225,111.19369999999999,727.1484,413944.94,0.001811111111111111,0.06977037037037037,0.008525925925925925,0,27
2023-08,Azure,acct-004,dev,46.2654,36.4183,29.4995,34.367399999999996,156.2398,135962.68,0.0011058823529411766,0.05174705882352941,0.1312705882352941,0,17
2023-08,Azure,acct-004,prod,1016.7272,783.4641,285.4384,678.6851,3267.4137,4263022.29,0.0007536585365853659,0.06563292682926829,0.07820731707317073,0,82
2023-08,Azure,acct-004,staging,228.5591,174.7648,87.6901,155.2903,638.5391999999999,625216.85,0.0010658536585365854,0.01915121951219512,0.04379512195121951,0,41
2023-08,Azure,acct-005,dev,70.0498,52.8651,37.9951,49.132,122.0251,192222.34,0.0006347826086956522,0.08985217391304347,0.10898260869565218,0,23
2023-08,Azure,acct-005,prod,930.0166,732.7724,222.6587,619.0533,2877.6206,3811344.96,0.0007639999999999999,0.08080666666666667,0.08689866666666667,0,75
2023-08,Azure,acct-005,staging,177.8693,141.7759,92.4822,128.7306,978.0117,475585.26,0.0019677419354838708,0.0773032258064516,-0.02610967741935484,0,31
2023-08,Azure,acct-006,dev,44.5513,34.0634,24.8233,31.9191,114.8015,125026.2,0.0009533333333333334,-0.0038933333333333346,0.17233333333333334,0,15
2023-08,Azure,acct-006,prod,1082.6446,824.4246,295.0594,710.3762,3138.8674,5468565.78,0.0005962264150943397,0.06289339622641509,0.06239622641509434,0,106
2023-08,Azure,acct-006,staging,284.7505,223.3531,138.4045,203.2583,663.798,713239.4,0.000958695652173913,0.03842173913043478,0.02448260869565217,0,46
2023-08,Azure,acct-007,dev,75.8624,56.3912,40.0222,51.7864,398.1287,173461.73,0.002285714285714286,0.03219047619047619,0.06524285714285713,0,21
2023-08,Azure,acct-007,prod,1217.3189,946.5091,350.723,820.828,3706.0884,4870478.7,0.0007652631578947369,0.07392526315789473,0.06495894736842105,0,95
2023-08,Azure,acct-007,staging,229.5057,181.8804,92.0018,160.9827,913.5596,566077.0,0.0017000000000000001,0.09695526315789474,0.09641842105263158,0,38
2023-08,Azure,acct-008,dev,72.143,58.6921,43.492,55.137299999999996,177.5533,192057.29,0.0009916666666666667,0.06875833333333332,0.09267083333333333,0,24
2023-08,Azure,acct-008,prod,1421.686,1084.1393,370.5154,923.7957,4398.7204,5915988.65,0.0007373913043478261,0.07125565217391304,0.008013043478260871,0,115
2023-08,Azure,acct-008,staging,197.3263,148.4755,87.5706,132.2501,1112.5496,584937.91,0.0019210526315789473,0.035589473684210525,0.04714473684210527,0,38
2023-08,Azure,acct-009,dev,69.83970000000001,51.658,39.0246,47.7554,181.0636,156788.06,0.0011684210526315788,0.05428947368421052,0.06820526315789474,0,19
2023-08,Azure,acct-009,prod,962.5009,735.602,283.2814,638.4952,3021.4827999999998,4347185.06,0.0006976470588235294,0.04368588235294118,0.06393176470588235,0,85
2023-08,Azure,acct-009,staging,181.1102,147.8318,79.9304,124.7334,444.9894,497751.74,0.000896875,0.033618749999999996,0.008146875000000001,0,32
2023-08,Azure,acct-010,dev,34.5473,28.1538,20.38,25.3377,57.9353,117438.0,0.0004933333333333334,0.03362,0.05940666666666668,0,15
2023-08,Azure,acct-010,prod,1132.9687,880.0499,302.8488,753.6591,3510.0522,4721857.89,0.0007666666666666667,0.03642043010752689,0.09189462365591398,0,93
2023-08,Azure,acct-010,staging,234.5735,181.0654,99.4849,159.8954,1024.1966,653516.77,0.0016116279069767442,0.04157674418604651,0.0680953488372093,0,43
2023-08,GCP,acct-001,dev,87.961,66.915,47.9732,61.3151,149.0313,192133.24,0.0007826086956521738,0.09174347826086957,0.04264782608695652,0,23
2023-08,GCP,acct-001,prod,991.8134,786.3389999999999,293.6736,680.427,3222.2673,4574438.6,0.0007157303370786518,0.0661438202247191,0.042016853932584274,0,89
2023-08,GCP,acct-001,staging,201.4041,156.5591,82.2233,134.4128,510.26210000000003,581926.79,0.0008789473684210526,0.0714578947368421,0.04885263157894736,0,38
2023-08,GCP,acct-002,dev,72.45270000000001,56.9356,41.2539,52.772999999999996,331.0901,193955.74,0.0016125,0.05582083333333334,0.045987499999999994,0,24
2023-08,GCP,acct-002,prod,1106.667,854.9147,337.9454,747.7431,3132.1861,5551248.71,0.0005712962962962963,0.0390537037037037,0.046677777777777776,0,108
2023-08,GCP,acct-002,staging,235.7875,190.9348,97.8071,166.9337,948.8305,658394.12,0.0014571428571428572,0.05337619047619048,0.07880952380952382,0,42
2023-08,GCP,acct-003,dev,124.7441,98.0499,70.4015,89.2684,433.2083,241510.71,0.0019033333333333333,0.04447333333333334,0.03440666666666667,0,30
2023-08,GCP,acct-003,prod,1083.6942999999999,840.0012,255.3362,709.2037,2693.8451,5070778.89,0.0005272727272727272,0.061940404040404046,0.028201010101010098,0,99
2023-08,GCP,acct-003,staging,218.9868,164.3168,80.4452,142.0562,787.2903,629550.94,0.001273170731707317,0.05509512195121952,0.05108780487804877,0,41
2023-08,GCP,acct-004,dev,59.5763,45.5328,34.6364,41.681400000000004,100.8983,132528.37,0.0007624999999999999,0.08216875,-0.062424999999999994,0,16
2023-08,GCP,acct-004,prod,896.6566,693.1043,241.4665,591.38,3202.7115,4434071.42,0.0006942528735632184,0.06944597701149426,0.04699310344827586,0,87
2023-08,GCP,acct-004,staging,236.89849999999998,180.0938,105.1719,163.1678,826.8515,700147.83,0.0012304347826086956,0.05411521739130435,0.07501304347826088,0,46
2023-08,GCP,acct-005,dev,37.6324,28.607300000000002,18.9863,26.2038,153.8858,102336.31,0.0016692307692307692,0.05462307692307692,-0.02541538461538462,0,13
2023-08,GCP,acct-005,prod,1325.2329,1023.0746,345.6733,878.1359,3927.6373,5957949.35,0.0006646551724137931,0.045166379310344826,0.026450862068965516,0,116
2023-08,GCP,acct-005,staging,234.7276,180.78979999999999,103.9948,157.1327,571.3168000000001,505881.13,0.0011484848484848483,0.04093636363636364,0.060384848484848486,0,33
2023-08,GCP,acct-006,dev,72.1734,55.8511,42.254,51.0653,199.29500000000002,204321.89,0.0009833333333333332,0.008424999999999997,0.06724999999999999,0,24
2023-08,GCP,acct-006,prod,977.3985,737.6143,266.6699,637.6918000000001,3922.5486,4672000.79,0.00086,0.048712222222222226,0.04707777777777778,0,90
2023-08,GCP,acct-006,staging,148.0726,114.0317,64.21979999999999,100.3842,372.6608,418672.27,0.0008740740740740741,0.06413703703703703,0.10162962962962964,0,27
2023-08,GCP,acct-007,dev,98.792,74.6115,55.5949,68.542,234.252,242930.89,0.00095,0.023949999999999996,-0.019459999999999998,0,30
2023-08,GCP,acct-007,prod,717.1728,577.7693,230.3692,504.8393,2617.5272999999997,3453917.55,0.0007582089552238806,0.02619402985074627,0.06067761194029851,0,67
2023-08,GCP,acct-007,staging,252.1783,192.8876,102.5961,168.7263,788.7783,641630.34,0.0013047619047619047,0.03433095238095238,0.039407142857142856,0,42
2023-08,GCP,acct-008,dev,75.317,57.0217,42.830799999999996,53.945,122.3907,194976.89,0.0006125,-0.051929166666666665,0.019362499999999998,0,24
2023-08,GCP,acct-008,prod,976.5112,742.1695,294.5146,645.2755,2603.7223,4352549.99,0.0005918604651162791,0.06297558139534884,0.06109186046511628,0,86
2023-08,GCP,acct-008,staging,178.4159,135.4514,77.5274,122.908,557.3799,565117.92,0.0010138888888888888,0.02043611111111111,0.051025,0,36
2023-08,GCP,acct-009,dev,63.678000000000004,51.9488,38.0909,47.6575,136.0069,143446.09,0.0009555555555555555,0.07697777777777777,-0.023505555555555564,0,18
2023-08,GCP,acct-009,prod,1129.8919,871.5697,334.4428,756.8722,2734.4654,5437820.06,0.0005074766355140187,0.06127009345794392,0.05888785046728971,0,107
2023-08,GCP,acct-009,staging,341.4569,266.3474,135.6024,229.1981,1281.2746,741573.16,0.0017380000000000002,0.064436,0.033746,0,50
2023-08,GCP,acct-010,dev,39.3998,29.589000000000002,22.1819,27.2927,147.1872,119631.48999999999,0.001257142857142857,0.05275,0.09415714285714286,0,14
2023-08,GCP,acct-010,prod,1127.6129,869.3453,332.6918,760.2029,2931.2137,4756672.48,0.0006263736263736264,0.06279450549450549,0.007142857142857141,0,91
2023-08,GCP,acct-010,staging,224.719,176.3444,104.0141,159.4588,509.8441,633089.22,0.0008214285714285715,0.030028571428571432,-0.003104761904761904,0,42
2023-09,AWS,acct-001,dev,70.0563,56.179,42.2746,51.4059,271.294,159820.71,0.0017500000000000003,0.08417,0.097915,0,20
2023-09,AWS,acct-001,prod,659.8041,535.7314,200.5269,467.7316,1929.1549,3075325.0,0.0006366666666666667,0.045221666666666674,0.025971666666666667,0,60
2023-09,AWS,acct-001,staging,252.32479999999998,192.2948,112.7748,171.7526,608.7038,687996.0700000001,0.0008772727272727273,0.018288636363636365,-0.04682954545454545,0,44
2023-09,AWS,acct-002,dev,63.7628,51.2724,41.296,47.0147,212.377,170991.24,0.0013,0.08074761904761904,0.09693809523809523,0,21
2023-09,AWS,acct-002,prod,1038.6154,795.3868,295.3669,691.7447999999999,2428.4611,4210359.04,0.0005939759036144578,0.022455421686746985,0.02476144578313253,0,83
2023-09,AWS,acct-002,staging,244.6249,190.5437,101.6385,169.3102,760.2363,671963.65,0.001159090909090909,0.040979545454545456,-0.002743181818181815,0,44
2023-09,AWS,acct-003,dev,90.53399999999999,73.0494,57.3256,66.6991,218.1514,195094.63,0.0011125,0.0569,0.03500833333333333,0,24
2023-09,AWS,acct-003,prod,989.6763,758.4068,274.5583,658.8118,3251.0074999999997,4233364.44,0.0007666666666666667,0.04742142857142857,0.08117380952380952,0,84
2023-09,AWS,acct-003,staging,229.1494,181.8708,105.8981,161.12800000000001,620.4544,639871.81,0.0009951219512195123,0.05094878048780487,0.05251219512195122,0,41
2023-09,AWS,acct-004,dev,72.2145,58.6273,41.3297,52.6624,405.813,142659.94,0.0030941176470588236,0.020488235294117647,-0.04655294117647059,0,17
2023-09,AWS,acct-004,prod,919.5529,708.5653,264.7393,611.8981,2773.4974,3936048.92,0.000706578947368421,0.04778552631578947,0.03940789473684211,0,76
2023-09,AWS,acct-004,staging,234.7785,178.9506,88.0034,153.3438,549.0838,557090.96,0.0009783783783783783,0.08948108108108108,0.07826756756756757,0,37
2023-09,AWS,acct-005,dev,65.6961,48.9507,37.1894,45.0051,230.563,200917.69,0.0010958333333333334,0.07327083333333333,0.05433333333333334,0,24
2023-09,AWS,acct-005,prod,1199.0325,925.0233000000001,353.2018,798.0577,3640.958,4861125.19,0.0007663157894736843,0.049748421052631574,0.08059473684210526,0,95
2023-09,AWS,acct-005,staging,180.4413,137.9221,73.0544,121.6528,394.8904,473604.18,0.0008419354838709676,0.07491935483870968,0.027516129032258065,0,31
2023-09,AWS,acct-006,dev,86.5926,68.1722,52.7894,61.9484,235.9146,217279.38,0.0010666666666666667,0.028499999999999994,0.08152592592592593,0,27
2023-09,AWS,acct-006,prod,1122.9109,903.0666,270.2634,766.7931,2872.0661999999998,4574342.11,0.0006244444444444444,0.07910888888888888,0.08543333333333333,0,90
2023-09,AWS,acct-006,staging,172.4629,137.56640000000002,84.2388,123.8016,634.5893,489120.16000000003,0.0012875,0.063603125,0.07264375,0,32
2023-09,AWS,acct-007,dev,62.536300000000004,45.727599999999995,32.9729,42.6762,113.8834,143479.58,0.0007823529411764706,0.013570588235294116,0.04540588235294118,0,17
2023-09,AWS,acct-007,prod,1238.17,962.0541,285.4054,811.873,4488.9923,4704996.37,0.0009494623655913979,0.054020430107526884,0.05748817204301075,0,93
2023-09,AWS,acct-007,staging,277.9618,213.317,126.8878,189.3701,812.2888,614717.52,0.00128,0.042185,0.059199999999999996,0,40
2023-09,AWS,acct-008,dev,70.9018,54.0839,41.6216,50.326,130.9637,169344.46,0.0007999999999999999,0.026904761904761904,0.041042857142857145,0,21
2023-09,AWS,acct-008,prod,1435.8488,1131.809,421.1068,973.1868000000001,4348.4526,5248850.7,0.0008339805825242719,0.036232038834951456,0.04009805825242719,0,103
2023-09,AWS,acct-008,staging,187.5642,144.4456,80.6392,130.9013,525.3081,514449.33999999997,0.0010147058823529412,0.07335882352941175,0.11499411764705883,0,34
2023-09,AWS,acct-009,dev,80.8275,58.8487,43.5911,52.4533,220.23930000000001,172062.0,0.0012952380952380952,0.060642857142857144,0.052533333333333335,0,21
2023-09,AWS,acct-009,prod,1020.9906,770.1768,285.9905,664.891,3621.0277,4213915.03,0.0008641975308641975,0.039841975308641975,0.03573333333333333,0,81
2023-09,AWS,acct-009,staging,250.0418,188.8294,103.4228,165.0942,642.4286,571067.22,0.0011526315789473684,0.08648421052631579,0.03523157894736842,0,38
2023-09,AWS,acct-010,dev,68.7096,53.0925,37.2306,48.6697,125.1009,169376.43,0.0007428571428571429,0.1066,-0.011971428571428577,0,21
2023-09,AWS,acct-010,prod,1168.9387,890.3586,292.4632,755.2074,3057.4424,5054193.46,0.0006292929292929293,0.04045151515151515,0.0640111111111111,0,99
2023-09,AWS,acct-010,staging,232.9297,189.04479999999998,94.639,162.8154,603.3372,599996.23,0.001,0.016112820512820515,0.04674102564102564,0,39
2023-09,Azure,acct-001,dev,110.0245,83.9514,63.953199999999995,77.96,307.9359,190659.92,0.0016208333333333333,-0.002583333333333331,0.08191666666666667,0,24
2023-09,Azure,acct-001,prod,1108.155,845.6971,274.8762,714.9462,3779.8202,4868700.95,0.000798936170212766,0.0593436170212766,0.06787234042553192,0,94
2023-09,Azure,acct-001,staging,220.4738,174.846,85.1732,151.9192,671.0096,584386.25,0.001144736842105263,0.09767631578947368,0.06178684210526316,0,38
2023-09,Azure,acct-002,dev,108.39399999999999,83.8631,60.3939,75.6477,277.5897,226604.34,0.0012035714285714286,0.013935714285714286,0.07507142857142857,0,28
2023-09,Azure,acct-002,prod,925.5615,714.7298,230.9887,605.3342,2799.456,4210360.82,0.0006879518072289157,0.025669879518072293,0.05119156626506024,0,83
2023-09,Azure,acct-002,staging,268.2919,211.3005,109.6938,186.2412,696.3754,642127.75,0.0010926829268292683,0.05036585365853658,0.03908536585365854,0,41
2023-09,Azure,acct-003,dev,72.4444,55.4591,42.8392,50.5305,139.3091,183045.82,0.000809090909090909,0.058277272727272726,0.008927272727272733,0,22
2023-09,Azure,acct-003,prod,923.0042,719.8694,293.4557,624.5356,2923.3807,4722965.42,0.0006380434782608696,0.05258695652173913,0.0817695652173913,0,92
2023-09,Azure,acct-003,staging,171.47209999999998,132.9111,72.5214,116.3211,515.9796,562164.54,0.0009166666666666668,0.10880555555555556,0.0661111111111111,0,36
2023-09,Azure,acct-004,dev,72.9895,55.0619,40.936,48.725699999999996,199.92079999999999,172120.29,0.0012142857142857144,0.051842857142857156,0.00792857142857143,0,21
2023-09,Azure,acct-004,prod,961.1359,764.7438,263.2137,653.8275,3015.0595,4333382.92,0.0007105882352941177,0.024364705882352945,0.01855764705882353,0,85
2023-09,Azure,acct-004,staging,259.2229,204.9737,107.51270000000001,179.9425,1209.7796,607526.44,0.0021024999999999998,0.045532500000000004,0.051379999999999995,0,40
2023-09,Azure,acct-005,dev,45.0696,36.2263,27.500999999999998,33.9614,169.367,127804.17,0.0013875,0.05514375,-0.009662499999999997,0,16
2023-09,Azure,acct-005,prod,1034.9352000000001,806.1069,294.2894,692.7691,3160.1248,4777507.51,0.0006870967741935483,0.03640322580645161,0.1373010752688172,0,93
2023-09,Azure,acct-005,staging,208.7299,162.3688,92.209,142.6624,479.0873,573145.2,0.0008405405405405405,0.05727027027027026,-0.011829729729729727,0,37
2023-09,Azure,acct-006,dev,106.8893,84.3279,61.383500000000005,77.0067,544.6611,199785.7,0.0028041666666666666,0.0343,0.036679166666666665,0,24
2023-09,Azure,acct-006,prod,1030.6594,787.0361,334.2565,692.0847,3437.6125,4415526.03,0.0007872093023255813,0.06483023255813954,0.015109302325581397,0,86
2023-09,Azure,acct-006,staging,321.2281,248.8197,143.3601,216.9788,904.9494,728661.7,0.00121875,0.04100416666666667,0.08161041666666667,0,48
2023-09,Azure,acct-007,dev,86.2997,68.5751,53.4504,64.0828,400.1045,218733.63,0.0019037037037037037,0.07042222222222222,0.10737407407407407,0,27
2023-09,Azure,acct-007,prod,1141.1826,890.0207,335.4364,778.1969,3646.7656,5087252.04,0.0007181818181818181,0.06152121212121212,0.10466464646464647,0,99
2023-09,Azure,acct-007,staging,176.4537,134.6165,76.9066,119.5964,387.6972,458694.96,0.0008699999999999999,0.12085333333333333,0.03559333333333334,0,30
2023-09,Azure,acct-008,dev,74.8726,58.8129,43.2704,54.0224,237.1988,142281.57,0.0016352941176470588,0.10661764705882353,0.06728235294117646,0,17
2023-09,Azure,acct-008,prod,1080.1768,845.5502,304.0456,726.9991,3950.1288,4861862.26,0.0008541666666666667,0.040271875,0.0558625,0,96
2023-09,Azure,acct-008,staging,239.0803,188.4859,123.18509999999999,169.8654,855.3239,611627.1,0.001385,0.047455000000000004,0.035050000000000005,0,40
2023-09,Azure,acct-009,dev,46.417300000000004,34.3378,25.8754,31.2942,196.12,139603.06,0.001535294117647059,0.05763529411764706,0.1321,0,17
2023-09,Azure,acct-009,prod,1077.7085,827.9252,297.2723,704.071,2960.6491,4740921.08,0.0006322580645161291,0.04330537634408602,0.04456129032258064,0,93
2023-09,Azure,acct-009,staging,284.43149999999997,224.0026,120.8208,195.0981,1239.2783,743165.98,0.001646938775510204,0.06218979591836735,0.11466938775510205,0,49
2023-09,Azure,acct-010,dev,63.9526,47.5649,37.42,44.164,259.0946,155849.19,0.0017105263157894738,0.08171052631578947,0.11932631578947368,0,19
2023-09,Azure,acct-010,prod,1057.4683,813.4822,244.2537,692.0572,3344.7307,4569705.39,0.0007344444444444445,0.01591222222222222,0.040031111111111115,0,90
2023-09,Azure,acct-010,staging,193.0585,156.1207,91.5107,138.5195,741.0254,517932.54,0.001461764705882353,0.01883235294117647,0.07663529411764705,0,34
2023-09,GCP,acct-001,dev,80.2995,62.4549,47.3678,59.2401,282.3501,212012.6,0.0013307692307692306,0.11275384615384615,0.029200000000000004,0,26
2023-09,GCP,acct-001,prod,1084.8149,845.9909,278.5507,735.7544,2832.1761,5210920.25,0.0005568627450980392,0.060599019607843134,0.09576372549019607,0,102
2023-09,GCP,acct-001,staging,226.8996,174.5459,94.5844,150.6239,499.339,642752.45,0.000769047619047619,0.1046,-0.022276190476190477,0,42
2023-09,GCP,acct-002,dev,74.4137,55.5677,40.8677,51.5507,186.2561,212936.02,0.0009,0.044556000000000005,0.069008,0,25
2023-09,GCP,acct-002,prod,992.4594999999999,768.261,283.0832,658.5409,3637.9719,4835735.12,0.000753763440860215,0.044680645161290326,0.030799999999999998,0,93
2023-09,GCP,acct-002,staging,194.0964,150.196,78.7214,131.0924,612.8134,494721.99,0.001265625,0.0400375,0.033856250000000004,0,32
2023-09,GCP,acct-003,dev,89.069,67.1421,51.6225,62.0494,250.4316,229015.01,0.0011035714285714286,0.032664285714285715,0.06258928571428571,0,28
2023-09,GCP,acct-003,prod,898.7715,673.0836,229.401,578.9303,3084.6751,4072540.18,0.0007560975609756098,0.05786219512195122,0.07971463414634146,0,82
2023-09,GCP,acct-003,staging,226.7961,175.8297,98.3876,157.3126,680.9157,650722.41,0.0010682926829268292,0.03432682926829268,0.00835365853658537,0,41
2023-09,GCP,acct-004,dev,88.7123,68.8237,50.5374,61.6483,269.1287,203809.11,0.0013666666666666669,0.07747916666666667,-0.06463333333333333,0,24
2023-09,GCP,acct-004,prod,1267.7405,978.6937,342.60790000000003,839.0479,2979.9581,5302154.9,0.0005580952380952381,0.07286,0.051543809523809526,0,105
2023-09,GCP,acct-004,staging,254.3495,206.9046,127.25659999999999,183.1072,717.9567,691255.42,0.0010222222222222221,0.02259111111111111,0.054462222222222224,0,45
2023-09,GCP,acct-005,dev,86.733,66.7042,49.999,61.971199999999996,154.584,194771.25,0.0007958333333333333,0.04546666666666666,0.08597500000000001,0,24
2023-09,GCP,acct-005,prod,1050.6092,811.2452,314.4797,709.7249,2879.8565,4574157.94,0.000649438202247191,0.05444269662921348,0.04428539325842697,0,89
2023-09,GCP,acct-005,staging,235.9036,175.1952,95.9852,152.73,717.5656,637468.42,0.0011365853658536586,0.07832195121951219,0.05057804878048781,0,41
2023-09,GCP,acct-006,dev,44.6535,35.6497,26.8474,32.3944,68.9461,100703.45,0.0007,0.10300833333333333,0.08595833333333334,0,12
2023-09,GCP,acct-006,prod,966.5147,739.7229,220.6464,637.0593,2602.6509,4719948.68,0.0005602150537634408,0.05753225806451613,0.03712150537634409,0,93
2023-09,GCP,acct-006,staging,223.5458,171.7924,109.0688,155.5306,627.3063,579798.87,0.0010368421052631578,0.0658,0.03663947368421052,0,38
2023-09,GCP,acct-007,dev,93.1243,67.5209,50.6925,63.1501,309.35310000000004,189031.65,0.0015869565217391302,0.026895652173913046,0.11553478260869564,0,23
2023-09,GCP,acct-007,prod,939.9224,745.8554,288.3908,647.3085,2025.1258,4423900.81,0.0004586206896551724,0.04061494252873563,0.0023827586206896577,0,87
2023-09,GCP,acct-007,staging,173.8776,136.2084,72.8376,119.056,500.05010000000004,512633.94,0.0009941176470588235,0.05643823529411765,-0.02082941176470588,0,34
2023-09,GCP,acct-008,dev,61.7682,49.5857,35.344,44.0115,87.6603,167834.65,0.0005142857142857143,0.056038095238095234,0.05721428571428572,0,21
2023-09,GCP,acct-008,prod,1067.3366,833.8466,295.5895,715.2997,3123.1628,4487186.97,0.0006954022988505747,0.03825402298850575,0.09368275862068964,0,87
2023-09,GCP,acct-008,staging,193.9212,156.4753,92.23649999999999,136.0635,540.0754,481294.94,0.0011290322580645162,0.04082903225806451,0.03413548387096774,0,31
2023-09,GCP,acct-009,dev,81.0737,62.1125,46.774300000000004,57.1276,270.6213,181954.32,0.0014478260869565216,0.032073913043478265,0.04209130434782608,0,23
2023-09,GCP,acct-009,prod,993.725,771.86,297.6539,670.3556,2401.5048,4588116.05,0.0005370786516853933,0.023621348314606744,-0.008062921348314607,0,89
2023-09,GCP,acct-009,staging,193.5774,153.8891,87.591,136.6099,637.3896,597540.61,0.0010512820512820513,0.036717948717948715,-0.0173974358974359,0,39
2023-09,GCP,acct-010,dev,81.9082,64.2442,50.2456,58.1578,378.46840000000003,223640.95,0.0016518518518518518,0.03871851851851851,-0.028296296296296295,0,27
2023-09,GCP,acct-010,prod,1116.807,857.4512,273.3811,736.1487,2515.464,4542498.47,0.0005786516853932584,0.05874606741573033,0.03607415730337078,0,89
2023-09,GCP,acct-010,staging,149.45589999999999,116.5234,67.1447,102.96170000000001,496.2818,492280.52,0.000978125,0.006925000000000002,0.1427375,0,32
2023-10,AWS,acct-001,dev,76.2565,61.1421,46.124,57.4139,202.0402,170482.25,0.0011904761904761906,0.10931904761904762,0.06560952380952381,0,21
2023-10,AWS,acct-001,prod,985.5363,772.8248,265.9475,660.5995,3123.6682,4390687.19,0.0007082352941176471,0.03686235294117647,0.03010705882352941,0,85
2023-10,AWS,acct-001,staging,401.9464,309.4647,175.8037,268.3741,1469.2383,955144.73,0.0015114754098360657,0.08000655737704918,0.009993442622950823,0,61
2023-10,AWS,acct-002,dev,61.8892,49.1239,36.3467,45.8298,113.2747,156473.83000000002,0.0007263157894736842,0.04941052631578948,-0.031547368421052636,0,19
2023-10,AWS,acct-002,prod,1033.9983,781.7352,261.7977,673.9824,3165.1513999999997,4300325.76,0.000751219512195122,0.0003073170731707334,0.05532073170731707,0,82
2023-10,AWS,acct-002,staging,225.8314,179.76239999999999,88.405,155.0872,552.6554,601932.34,0.0009384615384615385,0.08006410256410257,0.0744948717948718,0,39
2023-10,AWS,acct-003,dev,65.56869999999999,53.6747,39.2562,49.3832,230.9458,189189.69,0.0012521739130434782,0.03313043478260869,0.024891304347826087,0,23
2023-10,AWS,acct-003,prod,1290.4663,999.6268,363.0384,857.4286999999999,3682.9555,5159542.72,0.0007189999999999999,0.041414,0.036967999999999994,0,100
2023-10,AWS,acct-003,staging,228.7572,176.4592,100.95,156.1423,513.08,489710.28,0.00106875,0.033587500000000006,-0.023137500000000002,0,32
2023-10,AWS,acct-004,dev,111.4867,84.5082,64.0462,76.2611,250.0265,245062.42,0.0010517241379310344,0.039706896551724144,0.08144482758620689,0,29
2023-10,AWS,acct-004,prod,1070.9765,834.8559,308.0786,723.6682,4397.3298,4636767.31,0.0009777777777777777,0.03158333333333334,0.05824666666666666,0,90
2023-10,AWS,acct-004,staging,238.4451,186.8686,106.9897,164.4854,823.9198,628896.22,0.0012560975609756098,0.0668609756097561,0.047551219512195125,0,41
2023-10,AWS,acct-005,dev,90.7847,69.7636,51.6347,65.4202,333.99609999999996,187692.78,0.0016565217391304348,0.031347826086956514,0.09939130434782609,0,23
2023-10,AWS,acct-005,prod,1061.8759,825.5712,318.1295,717.8581,2646.1333,4259025.68,0.0006156626506024096,0.05299156626506024,0.07290602409638554,0,83
2023-10,AWS,acct-005,staging,208.276,160.9453,85.0226,138.6672,669.3329,531356.27,0.0012235294117647058,0.017717647058823532,0.09650294117647058,0,34
2023-10,AWS,acct-006,dev,65.4219,49.413000000000004,35.6906,46.6781,209.957,174343.99,0.0012000000000000001,0.035023809523809527,-0.004809523809523812,0,21
2023-10,AWS,acct-006,prod,1199.4904,924.3758,348.2838,802.1293000000001,3381.0377,4748883.18,0.000743010752688172,0.01880752688172043,0.011389247311827956,0,93
2023-10,AWS,acct-006,staging,220.6429,168.4271,87.716,147.3033,652.1758,589597.4,0.0011128205128205129,0.031948717948717946,0.023923076923076925,0,39
2023-10,AWS,acct-007,dev,110.6781,86.9392,67.3473,81.1994,302.7625,239843.71,0.0012466666666666668,0.05877999999999999,0.12082999999999999,0,30
2023-10,AWS,acct-007,prod,1178.2007,915.186,283.7848,778.2628,3542.9248,4897782.89,0.0007333333333333333,0.04975833333333333,0.0908625,0,96
2023-10,AWS,acct-007,staging,176.1064,130.4782,66.751,113.8435,756.0158,453719.74,0.0016633333333333333,0.03323,0.007589999999999999,0,30
2023-10,AWS,acct-008,dev,99.0689,73.9399,53.68,67.3291,393.4664,234241.59,0.0016214285714285716,0.057310714285714284,0.106625,0,28
2023-10,AWS,acct-008,prod,953.1315,726.4934,263.2613,630.6393,3605.514,4560271.06,0.000847191011235955,0.1075685393258427,0.032439325842696626,0,89
2023-10,AWS,acct-008,staging,226.2514,177.8441,97.9078,156.973,524.5225,620047.3099999999,0.0008324999999999999,0.04118,0.04147,0,40
2023-10,AWS,acct-009,dev,115.9332,88.9957,64.1973,79.53540000000001,370.3213,233500.72,0.0015896551724137932,0.058134482758620695,-0.05589310344827586,0,29
2023-10,AWS,acct-009,prod,1351.4451,1014.332,322.1964,862.7130999999999,4580.142,5453013.43,0.0008443396226415094,0.05374905660377358,0.05356415094339623,0,106
2023-10,AWS,acct-009,staging,186.4633,144.8346,75.24080000000001,124.4724,537.7286,562209.45,0.000954054054054054,0.020705405405405407,0.016124324324324323,0,37
2023-10,AWS,acct-010,dev,97.2083,76.26689999999999,54.5702,69.9595,277.7943,219110.43,0.0013,-0.019833333333333338,0.021777777777777778,0,27
2023-10,AWS,acct-010,prod,1151.8174,898.2654,290.1667,760.2058,3157.7595,4688461.33,0.0006868131868131869,0.05076923076923077,0.0710010989010989,0,91
2023-10,AWS,acct-010,staging,294.38,231.2918,121.9051,206.3606,858.1533,683670.99,0.0012727272727272728,0.021713636363636366,0.10723409090909092,0,44
2023-10,Azure,acct-001,dev,61.5693,46.190599999999996,33.1825,42.2556,215.2523,121587.77,0.0019266666666666668,-0.012413333333333328,0.14873333333333333,0,15
2023-10,Azure,acct-001,prod,1036.7143,804.0942,277.0562,689.2871,3686.7016,4737590.38,0.0007978494623655914,0.03284193548387097,0.08973225806451614,0,93
2023-10,Azure,acct-001,staging,180.3572,140.2973,76.7103,127.7063,979.6493,630694.79,0.0015925000000000002,0.035325,-0.003359999999999997,0,40
2023-10,Azure,acct-002,dev,90.517,71.0741,51.2442,65.14959999999999,448.1739,211989.45,0.0021576923076923075,0.05933076923076923,0.06791538461538461,0,26
2023-10,Azure,acct-002,prod,1079.6683,856.3041,276.7421,730.392,2969.6798,4871407.62,0.0006210526315789473,0.0744357894736842,0.08027263157894736,0,95
2023-10,Azure,acct-002,staging,292.1237,228.2874,129.8965,202.5715,795.3144,808020.19,0.0010018867924528301,0.04130943396226415,0.06724905660377359,0,53
2023-10,Azure,acct-003,dev,80.9915,62.6385,46.9045,57.2497,205.6182,188464.58000000002,0.0011041666666666667,0.05350833333333333,0.13039166666666666,0,24
2023-10,Azure,acct-003,prod,1330.0135,1030.5297,365.0254,886.5152,4462.6508,5980994.9799999995,0.0007689655172413793,0.058722413793103445,0.04729655172413793,0,116
2023-10,Azure,acct-003,staging,207.2943,159.4654,89.8329,137.2775,716.9398,455008.75,0.00153,0.008299999999999998,0.16992666666666667,0,30
2023-10,Azure,acct-004,dev,72.1368,55.0271,42.1083,49.3526,221.62380000000002,173828.47,0.001309090909090909,-0.014609090909090907,0.07158181818181818,0,22
2023-10,Azure,acct-004,prod,1177.6621,927.4897,310.2849,796.4104,3097.9622,5335651.4,0.0006019230769230769,0.03342692307692308,0.06525384615384615,0,104
2023-10,Azure,acct-004,staging,201.1029,158.9187,93.1658,139.3937,662.9817,524667.14,0.00125,0.05071764705882353,0.07006176470588235,0,34
2023-10,Azure,acct-005,dev,121.7217,94.2537,70.7668,86.50659999999999,395.2359,255611.53,0.0015258064516129033,0.019216129032258066,0.027848387096774195,0,31
2023-10,Azure,acct-005,prod,1045.6155,837.5875,270.2391,712.627,4000.9257000000002,4789394.09,0.0008606382978723404,0.04048936170212766,0.06259787234042553,0,94
2023-10,Azure,acct-005,staging,154.2928,118.4455,62.1842,101.8106,418.4151,431190.44,0.0009607142857142858,0.05202857142857143,0.0183,0,28
2023-10,Azure,acct-006,dev,62.6676,49.0909,36.5096,44.8361,278.7428,141730.6,0.0019352941176470587,0.04221176470588235,0.055070588235294114,0,17
2023-10,Azure,acct-006,prod,1180.2116,927.6661,318.7039,792.9467,3434.8360000000002,5152800.25,0.0006594059405940593,0.05072475247524752,0.01890891089108911,0,101
2023-10,Azure,acct-006,staging,225.0096,170.549,96.8361,150.1184,572.9387,637493.33,0.0009146341463414634,-0.0009707317073170729,0.007534146341463415,0,41
2023-10,Azure,acct-007,dev,85.3603,63.7351,47.3376,57.3302,322.9136,198005.19,0.0017000000000000001,0.05171666666666666,-0.09071249999999999,0,24
2023-10,Azure,acct-007,prod,1272.461,995.9688,366.2227,856.9002,3860.5328,4799754.6,0.0008010638297872341,0.06538617021276596,0.08017765957446808,0,94
2023-10,Azure,acct-007,staging,222.1371,167.5864,100.45570000000001,151.0389,740.098,713271.11,0.0010304347826086955,0.07828913043478261,0.11440217391304348,0,46
2023-10,Azure,acct-008,dev,88.1882,69.4073,52.2624,64.1439,326.6,185813.07,0.0017043478260869564,0.07492173913043478,0.05425652173913043,0,23
2023-10,Azure,acct-008,prod,899.2111,677.9897,256.219,588.0974,2738.3021,4228003.31,0.0006414634146341463,0.048445121951219514,0.034586585365853656,0,82
2023-10,Azure,acct-008,staging,225.8503,173.6561,100.348,157.8287,528.9993,581325.84,0.0009157894736842104,0.0346,0.040057894736842105,0,38
2023-10,Azure,acct-009,dev,81.6255,60.7358,43.9735,56.353,138.5487,168298.46,0.0008476190476190476,0.05382857142857142,0.03839047619047619,0,21
2023-10,Azure,acct-009,prod,1046.3816,821.0896,299.6662,711.921,2405.9986,3936253.46,0.0006324675324675325,0.05846363636363637,-0.015546753246753241,0,77
2023-10,Azure,acct-009,staging,170.0853,135.3623,74.8539,121.4999,402.4587,375555.62,0.0010958333333333334,0.039129166666666666,-0.02834583333333333,0,24
2023-10,Azure,acct-010,dev,63.3967,51.6038,38.598,48.6618,302.4354,175753.09,0.0016904761904761904,0.011280952380952383,0.04046190476190476,0,21
2023-10,Azure,acct-010,prod,1179.9105,913.3774,361.215,796.2395,4321.8283,4965077.92,0.0009144329896907217,0.06082577319587629,0.01517319587628866,0,97
2023-10,Azure,acct-010,staging,208.1189,160.3811,85.046,142.8528,898.6767,675239.6900000001,0.0013465116279069767,0.008939534883720929,-0.01674186046511628,0,43
2023-10,GCP,acct-001,dev,75.83670000000001,55.0287,39.8213,50.7628,199.6947,175546.41,0.001176190476190476,0.006876190476190476,0.11376666666666667,0,21
2023-10,GCP,acct-001,prod,1059.4188,829.3504,280.8217,718.108,2430.0921,4885458.61,0.000497872340425532,0.04138404255319149,0.029406382978723406,0,94
2023-10,GCP,acct-001,staging,154.9075,122.9221,65.3133,108.3983,420.18330000000003,531287.66,0.0008057142857142857,0.014385714285714288,-0.025502857142857143,0,35
2023-10,GCP,acct-002,dev,80.3627,63.4981,47.337,60.2882,227.5181,202961.85,0.001096,0.021259999999999998,0.025051999999999994,0,25
2023-10,GCP,acct-002,prod,1014.4797,783.0433,291.1213,675.9704,2934.2305,4576755.98,0.0006351648351648351,0.029082417582417582,0.03536263736263737,0,91
2023-10,GCP,acct-002,staging,190.7613,143.0339,73.7657,125.0933,411.142,530562.01,0.0007828571428571429,0.09167714285714286,0.05063714285714286,0,35
2023-10,GCP,acct-003,dev,42.6263,33.8416,26.122500000000002,31.9904,236.6561,109020.44,0.0019857142857142855,0.055414285714285715,0.0776,0,14
2023-10,GCP,acct-003,prod,998.9337,784.7598,309.4268,678.3987,3029.29,4820398.45,0.0006430107526881721,0.04775483870967742,0.05633333333333333,0,93
2023-10,GCP,acct-003,staging,179.3108,143.4384,81.6932,127.5666,625.3144,506261.56,0.0012090909090909092,0.06689090909090908,0.06088181818181818,0,33
2023-10,GCP,acct-004,dev,41.9148,32.8848,24.7174,29.7648,83.8977,121558.69,0.0006666666666666666,0.12685333333333335,0.0017933333333333338,0,15
2023-10,GCP,acct-004,prod,1045.8777,805.361,254.4687,686.9607,3208.6057,5015528.15,0.000677319587628866,0.06083711340206186,0.07968865979381444,0,97
2023-10,GCP,acct-004,staging,204.3567,149.0151,92.6754,132.2769,445.9711,506710.82,0.0009121212121212122,0.04421818181818182,0.0009393939393939386,0,33
2023-10,GCP,acct-005,dev,75.3155,58.6926,43.8397,54.5927,203.0362,204415.04,0.0010119999999999999,-0.019452,-0.0010679999999999989,0,25
2023-10,GCP,acct-005,prod,1162.9796,901.6343,274.3835,766.0523,3377.1377,5434619.69,0.0006209523809523809,0.03925619047619048,0.05426380952380953,0,105
2023-10,GCP,acct-005,staging,238.2078,180.051,92.2428,156.5276,800.2376,627195.17,0.0013666666666666666,0.03984047619047619,0.06474761904761905,0,42
2023-10,GCP,acct-006,dev,71.9824,55.6483,41.4602,50.5572,305.15840000000003,132372.04,0.002375,0.0922,-0.053575000000000005,0,16
2023-10,GCP,acct-006,prod,1113.277,847.702,281.203,721.8911,3390.6654,4944090.81,0.000710204081632653,0.04280816326530612,0.017393877551020405,0,98
2023-10,GCP,acct-006,staging,189.8373,147.5236,86.6821,133.4603,719.2641,614008.8,0.001146153846153846,0.07844102564102565,0.009587179487179487,0,39
2023-10,GCP,acct-007,dev,71.6748,56.5548,43.5128,51.9376,246.2207,202701.6,0.001252,0.017019999999999993,0.045132000000000005,0,25
2023-10,GCP,acct-007,prod,1032.8291,811.3093,274.6171,696.0511,3278.7501,4714978.34,0.0006933333333333333,0.0707711111111111,0.019371111111111113,0,90
2023-10,GCP,acct-007,staging,164.6121,130.2003,80.4741,116.7895,357.76800000000003,459960.27,0.00079,0.09325666666666667,0.03969,0,30
2023-10,GCP,acct-008,dev,60.769,47.5133,34.6557,43.8788,192.72220000000002,163575.57,0.001205,0.089905,0.14323,0,20
2023-10,GCP,acct-008,prod,1179.7187,908.7933,326.95120000000003,780.9708,3457.0957,5326904.51,0.0006471153846153847,0.0559875,0.0516375,0,104
2023-10,GCP,acct-008,staging,221.4569,167.9376,90.6175,145.9454,1014.6469,630471.0,0.0016365853658536586,0.031012195121951223,0.022419512195121952,0,41
2023-10,GCP,acct-009,dev,70.0743,53.3315,39.092800000000004,49.7079,325.4885,189537.65,0.001817391304347826,0.06788695652173914,-0.05036956521739131,0,23
2023-10,GCP,acct-009,prod,1164.8778,927.8876,328.6484,808.3614,3986.2916,5480135.57,0.0007196261682242991,0.05362897196261683,0.08067757009345794,0,107
2023-10,GCP,acct-009,staging,254.976,203.2346,122.1248,179.4619,990.0825,633112.97,0.0015414634146341465,0.04307560975609756,0.10819512195121951,0,41
2023-10,GCP,acct-010,dev,83.3983,64.2559,48.3282,59.1819,393.9256,198858.75,0.0019916666666666668,0.0563875,0.06815833333333333,0,24
2023-10,GCP,acct-010,prod,949.8499,737.5503,308.5904,646.8737,1893.3712,3988780.56,0.00047564102564102566,0.057753846153846156,0.0009448717948717961,0,78
2023-10,GCP,acct-010,staging,193.0617,146.8421,74.71039999999999,130.0164,604.7383,605191.95,0.0010725,0.005972499999999998,0.040087500000000005,0,40
2023-11,AWS,acct-001,dev,111.08749999999999,87.3246,62.8341,79.9517,212.8626,173225.12,0.0012227272727272727,0.027345454545454548,0.023877272727272726,0,22
2023-11,AWS,acct-001,prod,1305.7953,1027.1083,386.5299,891.7844,3588.4994,4444195.39,0.0007886363636363636,0.05195568181818182,0.01734431818181818,0,88
2023-11,AWS,acct-001,staging,383.8761,297.5065,174.7355,259.1958,1456.3093,678692.03,0.002202222222222222,0.03720666666666667,-0.016193333333333334,0,45
2023-11,AWS,acct-002,dev,114.9713,87.4021,64.0843,82.25280000000001,240.5195,192495.33,0.001275,0.06355,0.11512083333333334,0,24
2023-11,AWS,acct-002,prod,1498.8984,1155.0322,445.7065,998.1245,5796.6741,4656760.13,0.0012666666666666668,0.06917666666666666,0.04518111111111111,0,90
2023-11,AWS,acct-002,staging,319.9803,254.1841,115.3671,219.7103,862.6028,560933.09,0.0015138888888888888,0.057055555555555554,0.0666,0,36
2023-11,AWS,acct-003,dev,123.83,103.9047,79.186,97.8588,734.2009,214129.96,0.0035923076923076924,0.06130769230769231,0.031246153846153847,0,26
2023-11,AWS,acct-003,prod,1401.1548,1072.1838,369.42379999999997,921.0209,4063.1044,5200015.79,0.0007584158415841584,0.06851485148514852,0.061061386138613866,0,101
2023-11,AWS,acct-003,staging,297.9684,234.4924,118.4768,206.883,1291.0722,460605.01,0.00286,0.08252666666666666,0.11032666666666667,0,30
2023-11,AWS,acct-004,dev,119.14059999999999,99.7077,73.9021,91.0445,362.4013,203895.34,0.001784,0.008483999999999997,0.18174800000000002,0,25
2023-11,AWS,acct-004,prod,1387.2612,1025.5112,371.7831,886.6644,4877.9525,4417664.99,0.0010839080459770114,0.07830804597701149,0.04836666666666667,0,87
2023-11,AWS,acct-004,staging,244.194,201.0763,98.7949,172.1578,730.0136,558492.23,0.0013166666666666665,0.009136111111111112,0.024972222222222222,0,36
2023-11,AWS,acct-005,dev,72.9254,58.1404,42.1823,54.0247,184.38060000000002,147045.04,0.001238888888888889,0.031483333333333335,0.03345555555555555,0,18
2023-11,AWS,acct-005,prod,1584.8479,1236.1087,482.4519,1078.5661,6192.0091,5283859.03,0.0011971153846153846,0.04880961538461538,0.04632596153846154,0,104
2023-11,AWS,acct-005,staging,275.582,216.6497,135.7109,196.8948,1190.1874,588025.22,0.002,0.05401081081081081,0.05711081081081082,0,37
2023-11,AWS,acct-006,dev,135.239,106.619,81.4852,100.5091,312.82439999999997,256029.16,0.0012258064516129032,0.06414516129032259,0.07060000000000001,0,31
2023-11,AWS,acct-006,prod,1326.96,1030.4569,357.6171,892.3264,4854.505,4291519.44,0.0011714285714285715,0.03215476190476191,0.057038095238095235,0,84
2023-11,AWS,acct-006,staging,304.7051,245.3116,128.6908,211.9536,615.2707,549072.34,0.0011228571428571429,0.059005714285714286,0.06928571428571428,0,35
2023-11,AWS,acct-007,dev,164.4239,126.2242,90.878,111.6728,524.4812,237089.35,0.002206896551724138,0.07812758620689654,0.041489655172413785,0,29
2023-11,AWS,acct-007,prod,1416.097,1117.3992,362.6171,957.5517,3607.1074,4151872.53,0.0008444444444444444,0.08709876543209877,0.11523827160493828,0,81
2023-11,AWS,acct-007,staging,254.7673,189.6607,105.6319,162.6115,1123.9066,492815.96,0.0022,0.0944125,0.058153125,0,32
2023-11,AWS,acct-008,dev,121.3342,90.6231,67.7296,84.9959,396.1277,226253.61,0.0018107142857142855,0.023139285714285716,0.03458571428571429,0,28
2023-11,AWS,acct-008,prod,1178.1078,898.1817,307.8749,774.8032,3243.0548,3911171.39,0.0008513157894736841,0.09123947368421052,0.07985657894736843,0,76
2023-11,AWS,acct-008,staging,348.1481,274.2442,153.3515,240.1188,966.0289,623192.72,0.0015439024390243902,0.08759024390243902,0.011824390243902437,0,41
2023-11,AWS,acct-009,dev,106.6859,85.8226,64.3716,77.2376,432.0384,192998.11000000002,0.0022083333333333334,0.059625000000000004,0.04440416666666666,0,24
2023-11,AWS,acct-009,prod,1632.1998,1272.2571,455.6778,1100.4759,4405.9828,5217047.6,0.0008277227722772278,0.06945544554455445,0.03302871287128713,0,101
2023-11,AWS,acct-009,staging,351.35470000000004,278.5569,129.9845,243.1196,1460.6951,598304.37,0.0024125,0.057694999999999996,0.0828575,0,40
2023-11,AWS,acct-010,dev,101.93119999999999,83.7632,61.1436,75.1638,275.7567,143355.08,0.0019764705882352944,-0.0004176470588235291,0.03037058823529412,0,17
2023-11,AWS,acct-010,prod,1584.3713,1209.2619,460.6371,1040.1504,5672.7162,4650471.23,0.0012559139784946236,0.038946236559139785,0.09338172043010752,0,93
2023-11,AWS,acct-010,staging,395.6267,306.5419,177.811,266.4372,730.4718,722399.74,0.0010148936170212765,0.03691063829787234,0.04974468085106383,0,47
2023-11,Azure,acct-001,dev,99.9472,78.5972,60.3126,71.8615,194.8191,179897.57,0.0011238095238095239,0.03544761904761905,0.05205714285714286,0,21
2023-11,Azure,acct-001,prod,1182.0311,888.4453,337.7521,765.8415,3051.5,4504389.92,0.0007034482758620689,0.0635287356321839,0.04532183908045977,0,87
2023-11,Azure,acct-001,staging,329.1441,257.0854,137.0487,215.1498,1187.9998,670064.32,0.0018666666666666669,0.02638,0.060395555555555556,0,45
2023-11,Azure,acct-002,dev,102.7903,77.8019,55.3071,72.4245,239.7663,162026.13999999998,0.00146,0.045079999999999995,-0.020429999999999997,0,20
2023-11,Azure,acct-002,prod,1245.282,950.3045,296.6053,810.8574,4052.9022,4210946.94,0.0009698795180722892,0.041233734939759036,-0.025931325301204816,0,83
2023-11,Azure,acct-002,staging,339.1266,261.7965,161.3711,233.078,1611.8868,618644.36,0.0025463414634146345,0.07743658536585366,0.05033658536585366,0,41
2023-11,Azure,acct-003,dev,107.3791,81.9267,61.0808,76.3017,389.6297,204557.43,0.001884,-0.006144000000000003,0.044388000000000004,0,25
2023-11,Azure,acct-003,prod,1195.339,930.6941,319.9229,814.59,2999.0745,3881423.41,0.0007802631578947368,0.026835526315789473,0.04626973684210526,0,76
2023-11,Azure,acct-003,staging,411.2106,320.0451,188.6382,277.4058,1787.709,749381.94,0.0023408163265306123,0.07069795918367347,0.05978571428571428,0,49
2023-11,Azure,acct-004,dev,68.3486,52.8918,39.0102,48.5076,151.7495,132985.55,0.0010999999999999998,0.141875,0.09413124999999999,0,16
2023-11,Azure,acct-004,prod,1381.3287,1048.6041,365.0877,903.0581,3642.928,4385709.11,0.000811764705882353,0.05085529411764706,0.03850823529411765,0,85
2023-11,Azure,acct-004,staging,308.6361,231.6565,137.5354,202.4292,690.0794,688939.69,0.0009977272727272727,0.017802272727272726,0.09911363636363636,0,44
2023-11,Azure,acct-005,dev,98.82220000000001,75.2904,57.4889,68.8115,243.0701,187989.31,0.0012652173913043478,0.048295652173913045,0.020730434782608692,0,23
2023-11,Azure,acct-005,prod,1286.2292,1013.0583,408.4816,879.0139,4508.4786,4225288.39,0.001094047619047619,0.05765714285714285,0.05348095238095238,0,84
2023-11,Azure,acct-005,staging,172.5728,133.00209999999998,65.1635,119.4153,378.8472,320688.29,0.00118,0.068925,0.158325,0,20
2023-11,Azure,acct-006,dev,117.2949,91.6179,67.2405,86.2954,201.5157,253458.03,0.0008,0.018519999999999995,0.08853333333333334,0,30
2023-11,Azure,acct-006,prod,1370.4073,1076.3095,436.3462,943.1139,4904.7214,4463747.16,0.001157471264367816,0.0726103448275862,0.014835632183908045,0,87
2023-11,Azure,acct-006,staging,269.9134,212.1678,115.9811,181.8921,1299.5666999999999,555576.31,0.002375,0.048141666666666666,0.019755555555555554,0,36
2023-11,Azure,acct-007,dev,97.9344,74.953,56.2299,68.9899,438.75600000000003,168790.71,0.002676190476190476,-0.01886666666666667,0.07306190476190476,0,21
2023-11,Azure,acct-007,prod,1340.9523,1023.7504,335.2948,872.9389,4899.9107,4700138.74,0.0010322222222222221,0.04956666666666667,0.037538888888888886,0,90
2023-11,Azure,acct-007,staging,330.9837,259.4128,134.0097,222.5232,619.0231,607524.21,0.0010384615384615384,0.05407948717948717,0.05322564102564103,0,39
2023-11,Azure,acct-008,dev,96.6831,76.5499,56.5796,72.3222,234.2065,193123.94,0.0012043478260869566,-0.005808695652173913,0.01288695652173913,0,23
2023-11,Azure,acct-008,prod,1533.2504,1175.7046,347.7259,1008.0848,5444.3043,5223961.34,0.0010326732673267328,0.047475247524752476,0.038295049504950496,0,101
2023-11,Azure,acct-008,staging,242.3404,178.6039,95.3047,157.5748,734.2917,476594.94,0.0016193548387096774,0.06438387096774194,0.020593548387096778,0,31
2023-11,Azure,acct-009,dev,94.6309,75.292,54.8481,69.2676,126.3258,194187.98,0.0006708333333333333,0.03832083333333333,-0.01025416666666667,0,24
2023-11,Azure,acct-009,prod,1441.1971,1087.141,401.3315,941.9663,3538.548,4352593.67,0.0008151162790697674,0.0573906976744186,0.0885046511627907,0,86
2023-11,Azure,acct-009,staging,277.1419,216.3076,119.54599999999999,192.5793,680.5192,524053.32,0.0012942857142857142,0.04376,0.09283428571428572,0,35
2023-11,Azure,acct-010,dev,75.4321,58.1345,44.1366,51.8782,312.5145,146820.92,0.0021833333333333336,0.0800111111111111,0.09923333333333334,0,18
2023-11,Azure,acct-010,prod,1371.9301,1063.4414,422.4845,918.0436,4394.4415,4434877.59,0.0009942528735632182,0.07775172413793104,0.0553528735632184,0,87
2023-11,Azure,acct-010,staging,280.0904,213.4133,106.5273,188.5883,574.0267,639880.61,0.0008975609756097561,0.03571951219512195,0.11529999999999999,0,41
2023-11,GCP,acct-001,dev,105.61670000000001,82.1375,65.0238,75.8579,271.06100000000004,185559.3,0.0014434782608695653,0.07027826086956522,0.05593913043478261,0,23
2023-11,GCP,acct-001,prod,1214.3614,933.5604,356.4972,807.9679,4750.6951,4598307.29,0.0010478260869565218,0.06119347826086956,0.032,0,92
2023-11,GCP,acct-001,staging,180.6361,137.5976,75.2897,120.7583,446.2672,417185.35,0.001074074074074074,0.1194,0.060048148148148156,0,27
2023-11,GCP,acct-002,dev,117.3053,90.6674,64.1335,80.0238,323.7835,225836.48,0.0014678571428571427,0.0632607142857143,0.10840357142857145,0,28
2023-11,GCP,acct-002,prod,1403.3514,1074.7729,447.3391,937.7997,4046.5277,4707289.4,0.0008804347826086957,0.06649021739130434,0.004048913043478261,0,92
2023-11,GCP,acct-002,staging,245.1246,194.9278,108.0933,174.1748,591.1345,549009.48,0.0010944444444444443,0.03269444444444444,0.031091666666666667,0,36
2023-11,GCP,acct-003,dev,95.7164,74.2906,54.1822,68.7048,307.1737,219458.38,0.0014444444444444444,0.0650074074074074,0.07150740740740742,0,27
2023-11,GCP,acct-003,prod,1285.1101,986.5169,332.9151,847.1633,3053.3472,4404455.65,0.0007023255813953488,0.02899186046511628,0.0355,0,86
2023-11,GCP,acct-003,staging,207.26579999999998,160.7034,85.9663,139.8025,440.4153,454610.93,0.0009733333333333333,0.04008,0.12242666666666667,0,30
2023-11,GCP,acct-004,dev,92.6814,65.3169,46.1323,60.4744,356.5689,190945.66,0.0018956521739130435,-0.020847826086956518,0.056747826086956527,0,23
2023-11,GCP,acct-004,prod,1319.7474,1001.9524,286.4722,844.482,3079.7208,4954724.76,0.0006257731958762886,0.031184536082474228,0.07447113402061856,0,97
2023-11,GCP,acct-004,staging,320.772,248.0438,134.8313,216.61440000000002,1147.55,568113.43,0.0020648648648648646,0.028556756756756757,0.1321972972972973,0,37
2023-11,GCP,acct-005,dev,86.0963,67.075,50.8543,61.8579,211.2765,195724.43,0.0010708333333333334,0.0365375,0.03738333333333333,0,24
2023-11,GCP,acct-005,prod,1275.8519000000001,960.5003,406.4293,842.2537,3573.7539,4404701.25,0.0008151162790697674,0.006579069767441859,0.058906976744186046,0,86
2023-11,GCP,acct-005,staging,373.5755,298.9165,139.292,262.461,1033.7139,832117.5700000001,0.0012537037037037037,0.04318333333333334,0.054155555555555554,0,54
2023-11,GCP,acct-006,dev,100.7511,79.48479999999999,60.8185,74.1635,400.23810000000003,203049.62,0.0020239999999999998,0.071272,0.09479599999999999,0,25
2023-11,GCP,acct-006,prod,1310.7767000000001,1004.0766,303.1993,852.1455,4207.1256,4353523.91,0.0009767441860465116,0.0378046511627907,0.020988372093023257,0,86
2023-11,GCP,acct-006,staging,266.72,208.1076,104.7188,182.5199,569.4971,554742.2,0.0010416666666666667,0.05330833333333333,0.09343611111111111,0,36
2023-11,GCP,acct-007,dev,102.3105,81.9241,62.052,74.8731,280.9588,174206.04,0.0015952380952380953,0.06479047619047619,0.11087619047619049,0,21
2023-11,GCP,acct-007,prod,1475.0377,1138.2684,391.8753,979.4061,4747.0666,4825467.21,0.0009925531914893617,0.06763297872340425,0.05262234042553192,0,94
2023-11,GCP,acct-007,staging,331.3958,262.862,140.4185,231.232,1114.2746,648097.27,0.0017046511627906978,0.03415348837209302,0.058465116279069765,0,43
2023-11,GCP,acct-008,dev,86.889,64.38329999999999,50.109,57.564,368.7457,175558.43,0.0020285714285714286,0.03833809523809524,0.10586666666666668,0,21
2023-11,GCP,acct-008,prod,1434.8465,1106.4951,408.3516,961.3519,4753.2009,4761761.72,0.0010139784946236559,0.08477096774193549,0.04643333333333333,0,93
2023-11,GCP,acct-008,staging,268.1854,210.2664,111.6767,182.8182,657.3134,552786.71,0.0011638888888888888,0.04611944444444444,0.05196944444444444,0,36
2023-11,GCP,acct-009,dev,132.7445,100.0641,69.35040000000001,92.789,573.0974,222277.42,0.002640740740740741,0.04694074074074074,0.04513703703703704,0,27
2023-11,GCP,acct-009,prod,1133.6225,875.5638,280.8695,751.0872,5181.5114,4415231.09,0.0012094117647058825,0.05255411764705883,0.07140823529411765,0,85
2023-11,GCP,acct-009,staging,169.7471,127.6445,70.8203,111.70570000000001,428.5145,427539.81,0.0010607142857142857,0.07997857142857143,0.06041071428571428,0,28
2023-11,GCP,acct-010,dev,109.5894,88.2992,64.0912,80.9196,346.8839,195955.2,0.0017791666666666667,0.051887499999999996,-0.028625,0,24
2023-11,GCP,acct-010,prod,1128.5095,894.351,333.8581,769.9176,4291.7136,4169380.24,0.0010146341463414634,0.06765609756097561,0.04081097560975609,0,82
2023-11,GCP,acct-010,staging,288.2541,214.3044,113.8019,189.9249,742.8837,633058.39,0.0011878048780487806,0.07519999999999999,0.04879268292682927,0,41
2023-12,AWS,acct-001,dev,152.1911,110.2885,80.3132,100.45139999999999,529.485,200194.04,0.0026791666666666665,0.045962499999999996,0.13439583333333335,0,24
2023-12,AWS,acct-001,prod,1486.2623,1153.6164,426.49739999999997,988.2139999999999,3634.649,4510583.38,0.0008193181818181818,0.020634090909090907,0.03292272727272728,0,88
2023-12,AWS,acct-001,staging,337.1306,257.7491,155.7002,226.0551,1129.6642,628414.4,0.0017880952380952381,0.016428571428571428,0.011361904761904759,0,42
2023-12,AWS,acct-002,dev,114.2205,87.6905,66.7944,80.2995,363.9043,238453.58000000002,0.00151,0.041139999999999996,0.045646666666666676,0,30
2023-12,AWS,acct-002,prod,1118.7491,855.5495,328.7115,740.6493,2152.4181,4047972.32,0.0005358974358974359,0.06654743589743589,0.07683717948717948,0,78
2023-12,AWS,acct-002,staging,379.6665,289.24,166.8545,260.5446,887.0064,799817.45,0.0011823529411764705,0.03871960784313725,0.10176078431372548,0,51
2023-12,AWS,acct-003,dev,121.35040000000001,99.3774,74.0688,90.8115,334.40700000000004,201085.41,0.00164,0.049611999999999996,0.05448,0,25
2023-12,AWS,acct-003,prod,1296.5285,1001.2128,379.0983,872.0253,3265.7115,4751843.32,0.0006911111111111111,0.056487777777777776,0.05610444444444445,0,90
2023-12,AWS,acct-003,staging,318.5693,248.6924,130.9267,217.049,804.5036,654815.24,0.0012166666666666667,0.01637142857142857,0.0436047619047619,0,42
2023-12,AWS,acct-004,dev,91.4534,75.0369,54.9114,67.7358,186.9997,164135.12,0.0011300000000000001,0.008015000000000005,-0.018370000000000004,0,20
2023-12,AWS,acct-004,prod,1307.9555,1047.7505,395.5463,913.2499,3423.0368,4045121.41,0.0008443037974683544,0.04639873417721519,0.04139620253164557,0,79
2023-12,AWS,acct-004,staging,376.4955,284.6845,158.8127,247.8259,1517.9859999999999,737291.61,0.00209375,0.05810208333333333,0.102375,0,48
2023-12,AWS,acct-005,dev,95.094,75.8484,56.948,71.2436,457.3139,130867.17,0.00351875,0.010306249999999998,0.11451875,0,16
2023-12,AWS,acct-005,prod,1646.2311,1265.3347,446.2151,1087.8207,5048.2247,4994406.69,0.0010090909090909091,0.05848686868686869,0.04957979797979798,0,99
2023-12,AWS,acct-005,staging,253.986,202.1013,121.2303,182.8279,495.9137,465381.04,0.0011193548387096774,0.07006129032258064,0.047703225806451616,0,31
2023-12,AWS,acct-006,dev,131.3055,101.973,78.456,95.2031,193.5381,204948.72,0.000936,0.019143999999999998,0.186416,0,25
2023-12,AWS,acct-006,prod,1468.6228,1135.338,408.1718,984.5618,3546.5648,4667089.47,0.0007849462365591397,0.034753763440860216,0.0017494623655913979,0,93
2023-12,AWS,acct-006,staging,338.0696,258.2109,132.1342,227.428,855.2553,616062.95,0.001425,0.052890000000000006,0.04688,0,40
2023-12,AWS,acct-007,dev,105.6143,80.9524,59.8391,73.7202,413.7383,186159.03,0.002231818181818182,0.0948590909090909,0.13209545454545454,0,22
2023-12,AWS,acct-007,prod,1439.9415,1135.3615,498.5495,998.2055,5480.9407,4630871.11,0.0011855555555555556,0.09486888888888889,0.03286666666666666,0,90
2023-12,AWS,acct-007,staging,274.3579,216.2952,117.3774,193.5501,719.0966,595592.67,0.0012210526315789474,0.06266315789473685,0.11758157894736841,0,38
2023-12,AWS,acct-008,dev,80.9372,64.9711,49.1928,59.0749,296.853,132870.66,0.0021529411764705884,0.005029411764705882,-0.022741176470588237,0,17
2023-12,AWS,acct-008,prod,1400.2404,1092.442,347.8084,925.1857,4433.9395,4125277.2,0.0011085365853658537,0.04941585365853659,0.001070731707317073,0,82
2023-12,AWS,acct-008,staging,307.7352,241.942,143.6303,213.6747,831.7086,530455.28,0.001588235294117647,0.07137058823529412,0.021835294117647057,0,34
2023-12,AWS,acct-009,dev,110.254,87.6151,68.2772,82.7667,554.7084,205707.35,0.0026,0.044172,0.081612,0,25
2023-12,AWS,acct-009,prod,1741.0195,1338.9073,484.0722,1151.7883,4190.5393,5001719.87,0.0008195876288659793,0.051922680412371136,0.034434020618556695,0,97
2023-12,AWS,acct-009,staging,393.4289,308.4374,173.7037,279.4513,1486.4915,622648.72,0.0023775,0.04915,0.06885,0,40
2023-12,AWS,acct-010,dev,136.6745,105.9033,82.9769,100.3661,274.9243,267783.07,0.0010406249999999999,0.08070625000000001,0.143065625,0,32
2023-12,AWS,acct-010,prod,1085.5217,847.9122,289.8691,726.2853,2887.0965,3949086.45,0.0007342105263157895,0.023768421052631578,0.028196052631578948,0,76
2023-12,AWS,acct-010,staging,476.7371,375.4863,223.327,338.6473,1763.1955,877816.47,0.002068421052631579,0.043249122807017544,0.0034578947368421042,0,57
2023-12,Azure,acct-001,dev,107.2151,80.0625,61.9229,73.1475,224.0049,175205.66,0.0012761904761904763,0.03837142857142857,0.10906190476190475,0,21
2023-12,Azure,acct-001,prod,1293.6612,999.773,354.162,865.3987,4051.0689,4617866.06,0.0008822222222222222,0.07605555555555556,0.017916666666666668,0,90
2023-12,Azure,acct-001,staging,245.9942,178.9344,106.5636,159.2341,684.2817,521875.45,0.001297142857142857,0.01211142857142857,0.10032,0,35
2023-12,Azure,acct-002,dev,74.2561,56.6455,42.297,53.0919,279.7444,164730.19,0.0017849999999999997,0.021775000000000003,0.029059999999999996,0,20
2023-12,Azure,acct-002,prod,1369.688,1076.3884,314.9689,916.2441,4122.5488000000005,4331596.6,0.0009258823529411763,0.07886,0.09850705882352942,0,85
2023-12,Azure,acct-002,staging,152.0112,116.0117,63.2891,103.5431,367.6322,364585.71,0.0009833333333333332,0.008779166666666668,0.09942916666666668,0,24
2023-12,Azure,acct-003,dev,94.4517,72.5902,51.6638,66.311,217.7168,152122.21,0.0014578947368421053,0.05234210526315789,0.04184736842105263,0,19
2023-12,Azure,acct-003,prod,1612.6928,1265.0347,435.8425,1087.8114,5304.3889,5253793.58,0.001050485436893204,0.049290291262135924,0.02980873786407767,0,103
2023-12,Azure,acct-003,staging,300.5826,233.9635,124.0103,204.4452,806.0947,599257.51,0.001341025641025641,0.08014102564102564,0.050028205128205126,0,39
2023-12,Azure,acct-004,dev,86.5275,66.1785,50.4061,62.9267,116.7824,157174.98,0.0007473684210526317,0.009847368421052629,0.08487894736842105,0,19
2023-12,Azure,acct-004,prod,1193.9355,887.8758,311.19,763.1849,3360.7643,4511164.63,0.0007238636363636364,0.05733522727272727,-0.002135227272727273,0,88
2023-12,Azure,acct-004,staging,358.4959,281.7161,159.8133,251.5743,1224.9252999999999,859943.75,0.0014375,0.05248928571428572,0.06188928571428571,0,56
2023-12,Azure,acct-005,dev,48.4848,36.022800000000004,24.7789,33.656,90.5086,97717.68000000001,0.0009000000000000001,0.004241666666666666,0.04576666666666666,0,12
2023-12,Azure,acct-005,prod,1236.1841,983.6367,304.0705,838.8802000000001,4573.2119,4217163.44,0.0010951807228915661,0.03973614457831326,0.05185421686746988,0,83
2023-12,Azure,acct-005,staging,322.81759999999997,251.07500000000002,151.7086,229.2323,939.0783,646933.7,0.001430952380952381,0.08773571428571428,0.12394999999999999,0,42
2023-12,Azure,acct-006,dev,162.8118,128.1824,94.8162,115.5484,320.9339,233958.47,0.0013535714285714286,0.06426071428571428,0.05833571428571429,0,28
2023-12,Azure,acct-006,prod,1184.0387,935.9288,406.7095,820.5212,3796.0061,4596033.89,0.0008325842696629214,0.04958876404494382,0.028612359550561798,0,89
2023-12,Azure,acct-006,staging,224.2785,174.097,108.7278,153.0091,392.9997,527485.62,0.0007606060606060606,0.03720909090909091,0.051736363636363636,0,33
2023-12,Azure,acct-007,dev,100.4674,79.3822,57.0938,69.5245,259.9662,158426.41999999998,0.0016526315789473682,0.02739473684210526,0.13310526315789473,0,19
2023-12,Azure,acct-007,prod,1348.0829,1034.375,389.9312,890.7189,4772.6791,4472969.66,0.0010965116279069767,0.08829767441860464,0.04045,0,86
2023-12,Azure,acct-007,staging,331.1115,263.1024,148.6185,232.2874,1125.4382,589579.65,0.0019263157894736842,0.025928947368421055,0.07024473684210526,0,38
2023-12,Azure,acct-008,dev,115.88159999999999,92.1436,72.1903,83.0636,345.9783,193843.09,0.0017652173913043478,0.026969565217391307,-0.00974782608695652,0,23
2023-12,Azure,acct-008,prod,1380.4263,1076.3626,433.2814,935.0139,4724.4176,5042382.01,0.0009350515463917526,0.049387628865979374,0.07095463917525774,0,97
2023-12,Azure,acct-008,staging,314.306,233.55610000000001,135.4494,204.9539,681.0641,668614.96,0.0010372093023255813,0.043802325581395345,0.03828837209302326,0,43
2023-12,Azure,acct-009,dev,103.82130000000001,78.8237,55.431,71.8339,224.798,192027.37,0.0011956521739130434,0.03330869565217391,0.06391304347826088,0,23
2023-12,Azure,acct-009,prod,1255.6551,988.8799,353.7572,854.4638,3658.9826,4381301.02,0.0008211764705882353,0.05445176470588235,0.07082117647058823,0,85
2023-12,Azure,acct-009,staging,290.7967,225.7482,141.0672,196.5184,1380.9452,593809.8200000001,0.002287179487179487,0.00427948717948718,-0.03017948717948718,0,39
2023-12,Azure,acct-010,dev,133.6432,101.4554,77.286,93.5428,215.1327,228069.38,0.0009392857142857143,0.09568214285714285,0.07952857142857142,0,28
2023-12,Azure,acct-010,prod,1319.7533,998.8909,386.2026,875.5398,4689.2139,4731980.84,0.0010065217391304348,0.052915217391304344,0.06932608695652175,0,92
2023-12,Azure,acct-010,staging,259.3448,195.5754,119.381,178.4146,617.0637,634699.97,0.0009857142857142857,0.05761190476190475,-0.00935714285714286,0,42
2023-12,GCP,acct-001,dev,105.8227,82.6665,61.803000000000004,76.2776,217.7024,165780.71,0.0013700000000000001,-0.0103,0.073065,0,20
2023-12,GCP,acct-001,prod,1282.6767,1004.37,314.295,847.6865,3159.0056,4719179.15,0.0006904255319148936,0.033680851063829786,0.04909787234042553,0,94
2023-12,GCP,acct-001,staging,360.7372,278.407,163.0135,251.58169999999998,1314.2107,788504.06,0.001715686274509804,0.05369607843137255,0.007819607843137255,0,51
2023-12,GCP,acct-002,dev,115.7231,90.955,65.5724,83.7364,267.7436,265187.75,0.001,-0.018842424242424244,0.017548484848484848,0,33
2023-12,GCP,acct-002,prod,1365.0707,1067.8576,357.0928,914.1379,5721.0084,4995352.72,0.0011448979591836734,0.05542040816326531,0.05326224489795918,0,98
2023-12,GCP,acct-002,staging,368.1521,283.8601,147.7434,248.4851,1216.9357,713291.92,0.0017326086956521737,0.059521739130434785,0.04497608695652174,0,46
2023-12,GCP,acct-003,dev,115.45750000000001,83.11,64.1147,76.3539,322.2455,208889.42,0.001652,-0.038967999999999996,-0.0061800000000000015,0,25
2023-12,GCP,acct-003,prod,1240.657,966.6936,349.0861,836.2345,3885.1357,4378788.15,0.0009095238095238095,0.07744285714285715,0.06589404761904762,0,84
2023-12,GCP,acct-003,staging,268.049,208.7666,107.3536,181.5811,841.0446999999999,574986.23,0.0014815789473684212,0.03881315789473684,0.009176315789473682,0,38
2023-12,GCP,acct-004,dev,69.405,50.9582,38.542699999999996,47.0637,160.4448,138478.04,0.001164705882352941,0.11097058823529413,0.034129411764705894,0,17
2023-12,GCP,acct-004,prod,1290.1539,1009.9513,327.9595,864.6495,4556.9243,5055037.01,0.000903,0.059435,0.050787000000000006,0,100
2023-12,GCP,acct-004,staging,251.6695,199.991,102.1724,178.0161,618.4483,576541.19,0.0010842105263157895,0.0638157894736842,0.14730000000000001,0,38
2023-12,GCP,acct-005,dev,139.5014,108.9454,79.3815,100.2077,327.4475,232346.99,0.0014517241379310344,0.05598275862068965,0.017886206896551723,0,29
2023-12,GCP,acct-005,prod,1469.7697,1154.1271,486.8803,1014.9128,3855.5175,5509018.94,0.0006953703703703704,0.019705555555555556,0.09218425925925926,0,108
2023-12,GCP,acct-005,staging,332.4818,254.8716,136.6455,224.8776,997.2588000000001,702916.93,0.0013733333333333334,0.04315555555555555,0.05612444444444444,0,45
2023-12,GCP,acct-006,dev,95.0583,70.7063,52.8667,65.9818,418.7425,192419.12,0.0023875000000000003,0.044429166666666665,-0.01675,0,24
2023-12,GCP,acct-006,prod,1443.6459,1106.066,362.4798,944.2097,5353.2681,5063625.95,0.0010948979591836733,0.08384183673469388,0.0769826530612245,0,98
2023-12,GCP,acct-006,staging,213.6472,166.4658,95.9066,147.9391,819.2482,542592.12,0.0014114285714285715,0.014225714285714283,0.015162857142857145,0,35
2023-12,GCP,acct-007,dev,92.2007,70.523,53.7649,66.7982,186.97820000000002,184394.51,0.001019047619047619,0.014690476190476195,0.12006666666666665,0,21
2023-12,GCP,acct-007,prod,1530.9802,1194.2415,456.4952,1039.0169,4026.9575,5481136.76,0.0007443396226415094,0.04113490566037736,0.04446698113207547,0,106
2023-12,GCP,acct-007,staging,354.8775,279.1945,151.2592,245.5538,1308.9955,687584.94,0.001986666666666667,0.02883555555555556,0.046462222222222224,0,45
2023-12,GCP,acct-008,dev,80.9325,60.519800000000004,44.7535,55.302,197.7207,161430.23,0.001245,0.128605,0.12507,0,20
2023-12,GCP,acct-008,prod,1654.6061,1275.1033,464.1401,1103.3297,4866.6422,5658629.01,0.0008568807339449542,0.051172477064220186,0.010641284403669724,0,109
2023-12,GCP,acct-008,staging,282.1559,221.505,133.4544,200.4116,981.247,626518.79,0.001555,0.0615825,0.0763525,0,40
2023-12,GCP,acct-009,dev,119.96170000000001,96.7604,70.4905,87.9858,261.65319999999997,221656.11,0.0011481481481481481,0.01509259259259259,0.12694444444444444,0,27
2023-12,GCP,acct-009,prod,1238.8587,939.9247,332.427,809.4811,3847.025,4349290.07,0.0008752941176470587,0.06994470588235294,0.08104,0,85
2023-12,GCP,acct-009,staging,309.8276,240.53390000000002,139.0804,212.0879,726.7907,675855.33,0.0010818181818181818,0.039159090909090914,0.027429545454545453,0,44
2023-12,GCP,acct-010,dev,82.3531,68.1782,53.0814,65.2963,387.4285,133609.16,0.0029625,0.09531875,0.11640625,0,16
2023-12,GCP,acct-010,prod,1243.4761,962.2989,318.956,825.2273,4151.1073,4619099.45,0.0008769230769230769,0.015595604395604395,0.06611648351648353,0,91
2023-12,GCP,acct-010,staging,210.9101,166.1977,89.3519,143.5154,536.5577,483214.8,0.0011387096774193547,-0.011309677419354836,0.010109677419354837,0,31
