year_month;cloud_provider;account_id;environment;total_list_cost;total_net_cost;total_on_demand_cost;total_amortized_cost;total_forecast_monthly_cost;total_budget_amount;avg_budget_utilization_pct;avg_cost_variance_7d_pct;avg_cost_variance_30d_pct;anomaly_count;row_count
2023-01;AWS;acct-001;dev;63.107;504.157;382.675;473.696;183.625;165763.3;0.0011699999999999998;0.053215;-0.066015;0;20
2023-01;AWS;acct-001;prod;11.800.953;9.403.548;3.633.927;8.151.078;39.403.861;5176122.24;0.000795;0.020946;0.061559;0;100
2023-01;AWS;acct-001;staging;185.857;1.406.163;695.039;12.062.870.000.000.000;6.186.297;522613.77;0.001161764705882353;-0.06342352941176471;0.06994117647058824;0;34
2023-01;AWS;acct-002;dev;865.644;66.857;50.215.199.999.999.900;618.317;19.125.639.999.999.900;206968.52;0.000964;0.066108;0.04482;0;25
2023-01;AWS;acct-002;prod;10.198.126;7.833.832;2.952.808;670.195;36.014.589;4962704.29;0.0007416666666666666;0.016754166666666667;0.053826041666666664;0;96
2023-01;AWS;acct-002;staging;17.175.310.000.000.000;1.314.405;720.006;11.347.710.000.000.000;3.994.506;509629.81;0.0007666666666666667;0.06933030303030303;0.05109090909090909;0;33
2023-01;AWS;acct-003;dev;532.203;412.397;33.170.700.000.000.000;383.192;8.346.979.999.999.990;139176.32;0.0006117647058823529;0.08398235294117647;0.04197058823529412;0;17
2023-01;AWS;acct-003;prod;1.139.645;8.789.604;3.365.926;7.618.767;43.660.901;4644827.78;0.000948888888888889;0.060118888888888895;0.04688666666666666;0;90
2023-01;AWS;acct-003;staging;2.477.348;187.667;938.608;168.103;982.692;709281.58;0.0014130434782608696;0.037710869565217395;0.04664782608695652;0;46
2023-01;AWS;acct-004;dev;1.052.106;819.415;601.187;740.154;144.461;209604.24;0.0007;0.07169615384615384;-0.04156923076923077;0;26
2023-01;AWS;acct-004;prod;1.144.027;8.989.189;2.927.355;7.719.718;3.472.336;5037744.35;0.0006734693877551021;0.03737142857142857;0.08383265306122449;0;98
2023-01;AWS;acct-004;staging;1.465.813;1.117.106;57.998.599.999.999.900;97.37;5.854.662;524392.26;0.0011588235294117647;0.06085588235294118;0.08331470588235294;0;34
2023-01;AWS;acct-005;dev;617.106;459.627;328.758;422.036;1.684.187;19.909.363.999.999.900;0.0008874999999999999;0.08111249999999999;0.09962083333333334;0;24
2023-01;AWS;acct-005;prod;10.276.962;8.091.083;2.654.541;6.904.917;49.067.526;4910972.75;0.001011340206185567;0.04887010309278351;0.0217680412371134;0;97
2023-01;AWS;acct-005;staging;20.373.329.999.999.900;1.593.051;963.015;1.440.111;5.945.829;587136.75;0.001031578947368421;0.07708421052631578;0.04263157894736842;0;38
2023-01;AWS;acct-006;dev;375.746;27.026.999.999.999.900;19.852.800.000.000.000;249.781;657.372;101344.55;0.0006416666666666666;0.09095833333333332;0.024950000000000003;0;12
2023-01;AWS;acct-006;prod;9.668.389;7.488.881;3.346.626;6.592.273;36.808.355;4657708.59;0.000821111111111111;0.06479888888888889;0.04923444444444444;0;90
2023-01;AWS;acct-006;staging;1.802.888;141.924;828.103;1.284.627;6.075.035;516564.14;0.0011470588235294118;0.025444117647058822;0.12747058823529414;0;34
2023-01;AWS;acct-007;dev;68.051;515.427;403.154;491.287;1.696.342;162049.44;0.0010578947368421053;0.08293157894736841;0.06369999999999999;0;19
2023-01;AWS;acct-007;prod;1.147.982;8.917.749;2.949.448;764.382;43.308.729;5303095.91;0.0008596153846153846;0.058702884615384615;0.07181057692307692;0;104
2023-01;AWS;acct-007;staging;1.913.183;1.467.792;79.585;129.879;3.453.926;560950.65;0.0006108108108108109;0.09682432432432432;0.06741081081081082;0;37
2023-01;AWS;acct-008;dev;76.773;58.634.100.000.000.000;437.096;554.666;15.876.659.999.999.900;203484.7;0.000772;0.08295999999999999;0.114364;0;25
2023-01;AWS;acct-008;prod;11.795.936;9.001.943;3.168.893;7.731.193;36.652.479;4877477.9;0.0007884210526315789;0.03299789473684211;0.025485263157894737;0;95
2023-01;AWS;acct-008;staging;2.454.533;1.903.724;10.696.940.000.000.000;1.706.908;5.001.495;691137.04;0.0007222222222222223;0.02959777777777778;0.037157777777777776;0;45
2023-01;AWS;acct-009;dev;758.611;563.862;429.847;521.417;1.490.543;216585.69;0.000673076923076923;0.09495769230769231;0.059550000000000006;0;26
2023-01;AWS;acct-009;prod;1.306.176;9.919.319;3.524.894;8.538.659;40.466.796;5572392.35;0.0007504587155963302;0.07817064220183487;0.05074862385321101;0;109
2023-01;AWS;acct-009;staging;1.516.898;116.65;663.599;103.762;2.668.285;439725.09;0.0006103448275862069;0.0824103448275862;0.0519448275862069;0;29
2023-01;AWS;acct-010;dev;648.885;491.212;343.715;452.044;43.521.200.000.000.000;138886.94;0.0032944444444444445;0.06253888888888888;0.0746;0;18
2023-01;AWS;acct-010;prod;10.461.939;8.107.156;2.444.657;6.848.709;26.498.363;4845637.01;0.0005473684210526316;0.049761052631578956;0.09745473684210527;0;95
2023-01;AWS;acct-010;staging;211.891;1.716.583;839.926;1.508.105;5.868.813;485389.11;0.001235483870967742;0.054200000000000005;-0.02715161290322581;0;31
2023-01;Azure;acct-001;dev;640.704;50.727.000.000.000.000;382.903;47.175;5.226.334.999.999.990;182420.73;0.0028782608695652172;0.01030869565217391;0.16966521739130433;0;23
2023-01;Azure;acct-001;prod;9.168.339;7.037.923;23.488.309.999.999.900;6.043.659;25.509.076.999.999.900;4293212.0;0.0005926829268292684;0.07400853658536585;0.030785365853658535;0;82
2023-01;Azure;acct-001;staging;2.671.456;21.749.259.999.999.900;1.279.679;194.304;649.973;728391.43;0.0008893617021276595;0.07355531914893618;0.06904042553191489;0;47
2023-01;Azure;acct-002;dev;960.541;7.140.859.999.999.990;53.194;660.926;2.601.994;237578.53;0.0011206896551724137;0.056834482758620686;0.009906896551724142;0;29
2023-01;Azure;acct-002;prod;10.158.435;7.804.926;2.896.353;6.741.914;30.086.643;4943232.71;0.0006288659793814433;0.08519072164948455;0.059510309278350514;0;97
2023-01;Azure;acct-002;staging;2.468.138;1.937.604;1.092.534;1.740.301;6.147.953;733364.79;0.0008395833333333333;0.048025000000000005;0.04700416666666667;0;48
2023-01;Azure;acct-003;dev;511.221;38.672;310.638;361.029;1.671.619;158959.97;0.00108;0.057330000000000006;-0.05718500000000001;0;20
2023-01;Azure;acct-003;prod;10.383.255;7.719.355;2.615.604;6.649.374;31.414.769;4837547.75;0.0006536842105263159;0.06289473684210525;0.06500736842105263;0;95
2023-01;Azure;acct-003;staging;1.558.579;1.187.807;685.373;1.046.624;4.512.436;528179.0;0.0009176470588235293;0.04626470588235294;0.05426764705882353;0;34
2023-01;Azure;acct-004;dev;533.178;420.136;32.447;396.145;10.296.549.999.999.900;135447.32;0.0007999999999999999;0.07985624999999999;0.17633749999999998;0;16
2023-01;Azure;acct-004;prod;8.805.874;6.834.909;2.564.276;5.930.466;23.873.797;46.436.087.299.999.900;0.0005163043478260869;0.051175;0.06351847826086957;0;92
2023-01;Azure;acct-004;staging;2.217.672;1.672.905;949.338;150.161;6.405.285;637184.45;0.000973170731707317;0.021717073170731706;0.01435609756097561;0;41
2023-01;Azure;acct-005;dev;634.493;474.946;373.836;438.754;1.965.875;200174.35;0.00096;0.056948;0.038636;0;25
2023-01;Azure;acct-005;prod;8.607.505;6.483.126;2.162.072;557.468;2.436.431;4223382.25;0.0005988095238095238;0.07510595238095238;0.038983333333333335;0;84
2023-01;Azure;acct-005;staging;2.413.978;1.864.976;1.002.208;1.599.968;461.087;708866.13;0.0006782608695652173;0.057441304347826086;-0.007995652173913044;0;46
2023-01;Azure;acct-006;dev;477.035;352.145;269.767;323.266;1.957.029;147708.45;0.0013;0.07628333333333333;-0.032350000000000004;0;18
2023-01;Azure;acct-006;prod;9.491.205;7.490.628;313.349;6.547.568;30.198.963;4973618.2;0.0005958333333333333;0.03847604166666667;0.04552604166666666;0;96
2023-01;Azure;acct-006;staging;2.589.597;2.053.366;1.033.589;1.781.346;5.751.948;673672.3;0.0008500000000000001;0.07558181818181818;-0.00037954545454545185;0;44
2023-01;Azure;acct-007;dev;533.832;417.158;310.864;369.434;1.367.954;206261.34;0.000684;0.028908;0.0033079999999999954;0;25
2023-01;Azure;acct-007;prod;1.180.033;9.233.871;344.019;8.033.651;30.190.877;5258162.95;0.0005786407766990292;0.08454466019417475;0.027250485436893204;0;103
2023-01;Azure;acct-007;staging;2.469.539;1.914.398;976.905;1.642.624;8.071.536;621077.35;0.0013700000000000001;0.10017000000000001;0.013497499999999999;0;40
2023-01;Azure;acct-008;dev;654.678;51.442;386.766;484.751;23.921.269.999.999.900;162514.18;0.0015300000000000001;0.09153;0.0070750000000000006;0;20
2023-01;Azure;acct-008;prod;9.984.977;7.900.961;3.319.707;6.930.031;27.675.877;4417930.01;0.0006372093023255814;0.030575581395348835;0.06883488372093023;0;86
2023-01;Azure;acct-008;staging;2.034.655;1.569.068;755.134;1.372.065;5.097.056;612329.25;0.0008399999999999999;0.046455;0.013919999999999998;0;40
2023-01;Azure;acct-009;dev;484.127;390.259;281.333;353.159;1.112.755;133237.2;0.00088125;0.03168125;0.05655;0;16
2023-01;Azure;acct-009;prod;9.989.162;7.733.242;2.701.702;6.639.951;28.358.665;4652994.47;0.0006032967032967032;0.07775714285714286;0.08346593406593407;0;91
2023-01;Azure;acct-009;staging;174.487;135.213;655.328;1.145.827;9.202.615;428372.84;0.002175862068965517;-0.006662068965517239;0.02633103448275862;0;29
2023-01;Azure;acct-010;dev;909.524;7.208.070.000.000.000;513.268;672.002;446.362;20.527.538.999.999.900;0.002208;0.06762800000000001;-0.0024;0;25
2023-01;Azure;acct-010;prod;8.663.796;6.585.272;24.160.819.999.999.900;5.724.336;26.061.349;4658111.97;0.0005692307692307692;0.04804615384615385;0.019909890109890114;0;91
2023-01;Azure;acct-010;staging;2.375.772;1.854.203;1.030.595;164.437;800.217;693352.76;0.001191111111111111;0.05913111111111112;0.024677777777777778;0;45
2023-01;GCP;acct-001;dev;8.105.799.999.999.990;62.676;506.763;580.422;140.265;193047.79;0.0007304347826086956;0.06592608695652173;0.019052173913043476;0;23
2023-01;GCP;acct-001;prod;9.644.916;7.500.542;2.650.734;6.455.124;3099.65;5147221.54;0.0006140000000000001;0.077983;0.0707;0;100
2023-01;GCP;acct-001;staging;2.029.403;1.556.232;937.263;139.431;5.646.496;553163.11;0.0009944444444444445;0.039636111111111115;-0.02560833333333333;0;36
2023-01;GCP;acct-002;dev;85.921;68.868;514.106;6.534.479.999.999.990;2.390.257;216715.8;0.001096153846153846;0.12948076923076923;0.013034615384615388;0;26
2023-01;GCP;acct-002;prod;7.255.303;5.678.237;2.087.752;4.899.064;27.691.406;3776590.55;0.0007513513513513513;0.018986486486486487;0.05494054054054054;0;74
2023-01;GCP;acct-002;staging;1.849.996;143.479;837.253;1.296.885;527.058;566659.99;0.000927027027027027;0.035140540540540534;0.05084594594594595;0;37
2023-01;GCP;acct-003;dev;65.6;516.331;38.462;48.860.800.000.000.000;1.580.668;189051.97;0.0008434782608695653;0.09854782608695652;0.09241304347826086;0;23
2023-01;GCP;acct-003;prod;11.066.384;8.870.613;3.162.878;7.655.047;33.960.038;5490755.12;0.000618867924528302;0.06690094339622642;0.07340188679245284;0;106
2023-01;GCP;acct-003;staging;1.624.634;1.266.923;573.539;1.094.964;4.685.245;504257.4;0.0009323529411764705;0.06931470588235294;0.1078735294117647;0;34
2023-01;GCP;acct-004;dev;685.284;53.583.200.000.000.000;405.524;489.116;1.490.244;174629.16;0.0008363636363636364;0.07548181818181819;0.009454545454545453;0;22
2023-01;GCP;acct-004;prod;8.750.509;6.627.173;2.087.505;5.569.018;31.600.592;4814247.3;0.0006580645161290323;0.04982258064516129;0.04077204301075269;0;93
2023-01;GCP;acct-004;staging;2.112.342;1.636.341;828.654;1.406.471;5.843.384;656626.69;0.0008906976744186047;0.04641860465116279;0.024555813953488374;0;43
2023-01;GCP;acct-005;dev;583.515;458.348;346.221;418.768;1.529.235;172379.98;0.0009047619047619047;0.07442857142857143;-0.01560476190476191;0;21
2023-01;GCP;acct-005;prod;9.042.523;7.050.563.999.999.990;2.261.663;6.008.035;26.357.975;4578830.88;0.0005876404494382022;0.03153595505617978;0.09964719101123597;0;89
2023-01;GCP;acct-005;staging;2.202.312;1.684.921;831.443;1.454.347;5.524.967;625487.84;0.0008829268292682926;0.05919268292682926;0.08237804878048781;0;41
2023-01;GCP;acct-006;dev;571.049;442.453;322.128;402.911;2.551.154;162621.88;0.0015699999999999998;-0.0076100000000000004;0.090815;0;20
2023-01;GCP;acct-006;prod;10.376.836;8.109.404;2.883.703;6.957.612;29.986.984;5475260.68;0.000549056603773585;0.03582830188679245;0.0268688679245283;0;106
2023-01;GCP;acct-006;staging;2.406.126;1.865.899;979.063;1.604.776;7.790.166;705284.33;0.0010755555555555555;0.056397777777777776;0.02574;0;45
2023-01;GCP;acct-007;dev;533.957;409.478;304.151;372.786;2.198.075;144980.01;0.0014611111111111112;0.02667777777777778;-0.008;0;18
2023-01;GCP;acct-007;prod;947.325;708.15;250.666;6.093.081;32.973.947;4388155.14;0.0007954022988505747;0.09150919540229886;0.04396206896551724;0;87
2023-01;GCP;acct-007;staging;133.536;1.069.643;576.731;955.339;7.606.833;499065.57;0.00153125;0.03547187499999999;0.04404375;0;32
2023-01;GCP;acct-008;dev;574.659;412.871;304.952;365.296;1.185.604;160083.82;0.000735;0.060405;-0.051660000000000005;0;20
2023-01;GCP;acct-008;prod;8.032.094;638.423;2.307.332;5.504.009;27.706.403;4046316.9;0.0007050632911392405;0.004310126582278482;0.07221772151898734;0;79
2023-01;GCP;acct-008;staging;2.935.748;2.292.009;1.313.844;2.001.487;14.329.533.999.999.900;839716.1;0.0017;0.06871636363636363;0.014761818181818183;0;55
2023-01;GCP;acct-009;dev;858.867;658.371;509.425;622.344;1.630.119;195127.25;0.0008250000000000001;0.023570833333333333;-0.0018916666666666674;0;24
2023-01;GCP;acct-009;prod;10.311.406;7.930.765;2.951.254;6.845.208;4014.07;5238910.16;0.0007893203883495146;0.0466126213592233;0.05751747572815534;0;103
2023-01;GCP;acct-009;staging;224.039;1.742.287;984.434;1.526.573;7.971.843;587209.33;0.0012947368421052632;0.04038684210526316;-0.004563157894736842;0;38
2023-01;GCP;acct-010;dev;656.044;507.768;375.043;439.819;1.603.042;19.029.277.000.000.000;0.0008217391304347826;0.039291304347826086;0.043321739130434786;0;23
2023-01;GCP;acct-010;prod;10.368.101;8.110.986;2.977.213;7.047.921;20.461.721;5045278.75;0.00040612244897959187;0.03863469387755102;0.08834795918367346;0;98
2023-01;GCP;acct-010;staging;2.147.473;159.765;869.858;1.397.983;8.791.711;604718.3;0.0014435897435897437;0.025235897435897433;0.00927179487179487;0;39
2023-02;AWS;acct-001;dev;1.211.358;950.809;693.583;864.177;25.892.040.000.000.000;253155.26;0.001032258064516129;0.04944516129032258;0.04071290322580645;0;31
2023-02;AWS;acct-001;prod;11.271.942;8.877.045;3.177.824;7.632.341;33.465.135;4853946.02;0.0006861702127659575;0.06041595744680851;0.03943936170212766;0;94
2023-02;AWS;acct-001;staging;191.213;152.482;711.691;1.300.078;5.359.162;503278.15;0.001071875;0.07303125;0.044496875;0;32
2023-02;AWS;acct-002;dev;899.252;729.723;570.662;667.442;3.480.775;184848.03;0.0018363636363636362;0.07762727272727273;0.19858636363636364;0;22
2023-02;AWS;acct-002;prod;11.563.863.000.000.000;9.155.225;3.158.515;7.943.109;34.218.633;4639312.79;0.0007483146067415731;0.04496516853932584;0.041195505617977524;0;89
2023-02;AWS;acct-002;staging;265.096;21.044.480.000.000.000;109.481;1.771.216;5.630.184;590774.12;0.0009461538461538462;0.05604615384615384;0.044651282051282055;0;39
2023-02;AWS;acct-003;dev;646.043;492.037;356.593;458.442;1.469.769;145996.49;0.0010222222222222221;0.0633;0.21450555555555556;0;18
2023-02;AWS;acct-003;prod;10.843.218;8.515.067;3.086.063;7.495.184;30.910.811.000.000.000;4226711.59;0.0007271604938271605;0.05820740740740741;0.05421851851851852;0;81
2023-02;AWS;acct-003;staging;1.931.688;1.528.682;707.574;1.323.829;9.158.973;491086.42;0.001840625;0.065984375;0.10567499999999999;0;32
2023-02;AWS;acct-004;dev;781.742;616.826;511.525;571.087;2.259.377;177062.08;0.0012772727272727274;0.041740909090909085;0.10816818181818183;0;22
2023-02;AWS;acct-004;prod;8.694.350.000.000.000;6.609.671;277.831;5.805.645;28.992.951;3895111.86;0.0007337662337662338;0.025657142857142858;0.13483896103896104;0;77
2023-02;AWS;acct-004;staging;2.786.966;2.118.974;1.235.727;1.836.624;6.119.491;728358.88;0.0008574468085106383;0.07149148936170213;0.04044468085106383;0;47
2023-02;AWS;acct-005;dev;8.419.669.999.999.990;665.705;46.669;60.952.799.999.999.900;307.416;228514.4;0.001432142857142857;0.17840714285714285;0.11601071428571429;0;28
2023-02;AWS;acct-005;prod;957.406;7.518.884;2.868.992;6.480.861;3.373.883;3603472.31;0.0009714285714285715;0.04656;0.019452857142857143;0;70
2023-02;AWS;acct-005;staging;2.596.744;2.052.957;966.863;1.797.271;7.496.137;687582.2;0.0010727272727272727;0.031922727272727276;0.06066590909090908;0;44
2023-02;AWS;acct-006;dev;101.297;8.078.659.999.999.990;612.663;745.934;41.070.169.999.999.900;205811.53;0.001988;0.090076;0.04846;0;25
2023-02;AWS;acct-006;prod;8.952.631;7.034.642;2.295.242;5.956.275;20.246.386;3597632.5;0.0005840579710144927;0.0751391304347826;0.07063043478260869;0;69
2023-02;AWS;acct-006;staging;2.282.201;1.767.699;990.567;1.479.281;7.154.984;526321.68;0.0014058823529411765;0.050738235294117646;0.04434117647058824;0;34
2023-02;AWS;acct-007;dev;958.868;716.528;548.589;644.425;3.950.442;198558.68;0.0020708333333333334;0.0008458333333333333;-0.007837499999999999;0;24
2023-02;AWS;acct-007;prod;10.466.798;8.010.711;3.061.932;6.893.141;29.469.832;4065292.27;0.0007250000000000001;0.02392625;0.0732375;0;80
2023-02;AWS;acct-007;staging;2.436.128;19.396.439.999.999.900;1.235.236;1.729.071;7.364.931;613862.45;0.0012390243902439023;0.03853170731707317;0.1333609756097561;0;41
2023-02;AWS;acct-008;dev;705.541;538.746;394.889;48.641;2.787.176;169854.95;0.0016476190476190475;0.06754761904761904;0.06257619047619048;0;21
2023-02;AWS;acct-008;prod;9.753.959;7.560.161;27.333.050.000.000.000;6.505.627;28.111.918;4084634.67;0.0007012499999999999;0.03219125;0.0440175;0;80
2023-02;AWS;acct-008;staging;255.524;1.932.458;1.045.735;1.709.312;8.674.421;627051.47;0.0014121951219512195;0.039926829268292684;0.06492439024390244;0;41
2023-02;AWS;acct-009;dev;705.432;56.856.300.000.000.000;427.104;510.877;28.199.379.999.999.900;161745.39;0.001685;0.083995;0.17257499999999998;0;20
2023-02;AWS;acct-009;prod;10.215.196;7.785.146;2.488.462;6.601.189;2.635.901;4232827.46;0.0006156626506024096;0.034036144578313256;0.011715662650602409;0;83
2023-02;AWS;acct-009;staging;1.780.168;1.458.207;818.934;1.246.644;719.692;43.913.227.999.999.900;0.001689655172413793;0.06105862068965517;0.014051724137931033;0;29
2023-02;AWS;acct-010;dev;538.887;446.934;338.769;42.216.899.999.999.900;377.177;108643.17;0.0034923076923076926;0.1154923076923077;0.08347692307692307;0;13
2023-02;AWS;acct-010;prod;9.282.457;7.147.778;2.551.786;6.120.565;28.852.235;3932323.73;0.00075;0.08372368421052633;0.10386973684210526;0;76
2023-02;AWS;acct-010;staging;3.055.042;2.421.294;1.454.256;2.076.711;8.440.894.000.000.000;671887.8;0.001265909090909091;0.06175454545454546;0.07374318181818182;0;44
2023-02;Azure;acct-001;dev;707.145;540.361;414.592;503.951;2.975.172;162982.85;0.0017950000000000002;0.055349999999999996;0.15223;0;20
2023-02;Azure;acct-001;prod;10.227.334;7.938.312.999.999.990;3.092.715;693.823;30.702.631;4696874.35;0.0006714285714285714;0.04300769230769231;0.029585714285714288;0;91
2023-02;Azure;acct-001;staging;1.613.233;1.311.724;741.128;1.169.096;3.690.383;474068.47;0.0007483870967741935;0.024367741935483866;0.05063225806451613;0;31
2023-02;Azure;acct-002;dev;875.134;68.257;510.394;645.104;2.217.957;185848.37;0.0012;-0.009509090909090906;0.0218;0;22
2023-02;Azure;acct-002;prod;9.296.166.000.000.000;7.186.545;2.798.987;6.269.503;30.067.831;4054775.02;0.00075;0.014578749999999998;0.04190375;0;80
2023-02;Azure;acct-002;staging;19.364.339.999.999.900;1.529.244;776.952;1.364.778;4.508.775;521746.87;0.000877142857142857;0.009454285714285714;0.11098857142857144;0;35
2023-02;Azure;acct-003;dev;41.664;308.184;234.916;282.062;1.366.669;93635.14;0.0014333333333333333;0.09446666666666668;0.09898333333333333;0;12
2023-02;Azure;acct-003;prod;10.025.988;7.639.721;2.788.498;6.604.278;28.042.475.999.999.900;4610197.06;0.00060561797752809;0.06846404494382023;0.06514044943820226;0;89
2023-02;Azure;acct-003;staging;2.613.644;1.996.771;1.172.641;1.753.999;6.917.569;526490.33;0.0013599999999999999;0.09437714285714285;0.07349142857142857;0;35
2023-02;Azure;acct-004;dev;672.074;521.028;374.813;48.473.600.000.000.000;21.826.069.999.999.900;145069.74;0.0014777777777777777;0.02677222222222222;0.03593333333333333;0;18
2023-02;Azure;acct-004;prod;8.622.113;6.658.478;2.465.794;575.63;2.907.339;4005103.0;0.0007607594936708861;0.05641139240506329;0.024992405063291142;0;79
2023-02;Azure;acct-004;staging;1.880.492;1.399.105;757.203;12.612.950.000.000.000;8.711.997;560096.07;0.0014783783783783784;0.09073513513513513;0.002521621621621624;0;37
2023-02;Azure;acct-005;dev;716.975;534.305;408.614;499.534;2.891.758;147087.13;0.001922222222222222;0.05676666666666667;0.04215000000000001;0;18
2023-02;Azure;acct-005;prod;9.331.086;7.066.867;246.899;6.101.552;32.733.077;3800367.81;0.0008653333333333333;0.04244933333333333;0.020052000000000004;0;75
2023-02;Azure;acct-005;staging;208.103;1.665.549;865.437;1.420.671;4.022.622;492466.0;0.00085625;0.063209375;0.12450625;0;32
2023-02;Azure;acct-006;dev;645.099;50.446.200.000.000.000;39.957.300.000.000.000;473.913;14.845.420.000.000.000;152828.34;0.001;0.012621052631578946;0.048231578947368424;0;19
2023-02;Azure;acct-006;prod;9.440.148;7.597.572;2.719.241;6.520.054;26.990.113;4301125.74;0.0006204819277108435;0.059414457831325304;0.01797831325301205;0;83
2023-02;Azure;acct-006;staging;2.091.103;159.696;890.388;1.395.275;6.158.368;550345.67;0.0011277777777777777;0.02145277777777778;-0.004619444444444442;0;36
2023-02;Azure;acct-007;dev;43.639;331.457;249.429;312.122;1.022.445;111263.23;0.0009714285714285715;0.07476428571428571;0.16302857142857144;0;14
2023-02;Azure;acct-007;prod;9.745.322;7.354.429;2.495.024;6.328.211;26.434.599;4420733.12;0.0005793103448275862;0.06226551724137932;0.06779310344827585;0;87
2023-02;Azure;acct-007;staging;2.214.494;175.763;102.969;15.976.670.000.000.000;8.211.265;528739.52;0.001514705882352941;0.04192058823529412;0.09378823529411764;0;34
2023-02;Azure;acct-008;dev;711.091;578.023;417.215;53.801.300.000.000.000;1.445.657;18.010.711.000.000.000;0.000809090909090909;0.017104545454545456;0.06807272727272727;0;22
2023-02;Azure;acct-008;prod;10.782.014;8.315.896;2.915.454;7.182.736;30.285.324;4662174.21;0.000645054945054945;0.05875494505494506;0.07209670329670329;0;91
2023-02;Azure;acct-008;staging;27.423.220.000.000.000;211.297;1.056.878;1.861.752;10.923.694;600886.34;0.0018256410256410256;0.013779487179487182;0.025682051282051283;0;39
2023-02;Azure;acct-009;dev;900.338;718.636;561.474;665.844;5.375.657;186243.25;0.0029173913043478257;0.021952173913043473;0.014639130434782606;0;23
2023-02;Azure;acct-009;prod;10.971.439;8.631.622;27.989.979.999.999.900;7.323.363;26.421.686;4881642.61;0.0005395833333333333;0.05232083333333334;0.02822604166666667;0;96
2023-02;Azure;acct-009;staging;184.455;1.515.594;799.737;1.337.984;5.054.852;487485.6;0.00104375;0.0748375;0.06458124999999999;0;32
2023-02;Azure;acct-010;dev;877.627;682.122;523.114;630.026;3.667.216;255491.79;0.00139;0.07217333333333334;0.08320666666666666;0;30
2023-02;Azure;acct-010;prod;9.414.383;7.150.227;2.892.236;6.271.387;25.085.243;3940650.68;0.0006324675324675325;0.015433766233766235;0.02156103896103896;0;77
2023-02;Azure;acct-010;staging;2.197.063;1.687.122;837.183;1.494.124;4.599.144;618721.13;0.0007675;0.0740375;0.047935;0;40
2023-02;GCP;acct-001;dev;704.697;539.699;417.366;512.954;2.551.422;171478.17;0.0015523809523809522;0.040076190476190474;0.019476190476190473;0;21
2023-02;GCP;acct-001;prod;6.316.379.000.000.000;4.778.846;1.538.093;4.105.319;16.040.406;3431283.46;0.0004661538461538462;0.07753692307692309;0.007353846153846155;0;65
2023-02;GCP;acct-001;staging;2.053.898;1.613.252;86.694;1.400.528;6.394.925;534046.85;0.0012314285714285715;0.08906;0.039785714285714285;0;35
2023-02;GCP;acct-002;dev;878.801;664.746;506.445;620.435;1.501.255;201973.29;0.0007375;0.014900000000000002;0.093875;0;24
2023-02;GCP;acct-002;prod;7.447.155;5.686.831.999.999.990;2.159.878;4.921.243;26.929.078.999.999.900;3652689.66;0.0007492957746478873;0.06461549295774648;0.009302816901408448;0;71
2023-02;GCP;acct-002;staging;2.168.174;164.056;924.845;1.451.702;6.059.728;566966.36;0.0010736842105263157;0.0722578947368421;0.019971052631578945;0;38
2023-02;GCP;acct-003;dev;931.116;6.997.540.000.000.000;539.827;6.525.880.000.000.000;3.115.967;249711.13;0.0012033333333333334;0.02735;0.023;0;30
2023-02;GCP;acct-003;prod;10.396.356;8.046.985;2.863.411;6.969.041;31.725.669;4685283.81;0.0006804347826086957;0.05096630434782609;0.032247826086956526;0;92
2023-02;GCP;acct-003;staging;20.004.489.999.999.900;1.508.589;777.549;1.331.005;3.052.268;490751.41;0.000632258064516129;0.028074193548387097;0.12716451612903226;0;31
2023-02;GCP;acct-004;dev;904.816;709.391;501.025;638.147;230.825;204038.9;0.0011333333333333332;0.061875000000000006;-0.03265833333333334;0;24
2023-02;GCP;acct-004;prod;8.640.792;6.463.457;2.735.179;5.696.081;20.704.965;4105635.94;0.000520253164556962;0.06920632911392405;0.09101518987341772;0;79
2023-02;GCP;acct-004;staging;1.903.331;1.524.034;917.987;1.336.141;7.266.293.000.000.000;581914.37;0.0011972972972972972;0.06993783783783783;0.061881081081081084;0;37
2023-02;GCP;acct-005;dev;725.685;550.841;414.104;496.452;2.534.654;173059.2;0.00139;0.141185;0.065865;0;20
2023-02;GCP;acct-005;prod;10.402.723;7.864.602;290.535;6.778.423;32.688.328;4808286.86;0.000683695652173913;0.04510760869565218;0.0479445652173913;0;92
2023-02;GCP;acct-005;staging;2.246.235;1.708.596;966.173;1.521.799;6.440.561;638515.88;0.0009926829268292682;0.016556097560975612;0.09810487804878047;0;41
2023-02;GCP;acct-006;dev;777.581;591.838;453.305;560.573;13.098.760.000.000.000;199853.17;0.00065;0.03934166666666667;0.03452083333333333;0;24
2023-02;GCP;acct-006;prod;10.147.288;7.918.504;3.062.287;6.914.768;36.258.748;4867493.95;0.0007822916666666667;0.054337500000000004;0.046125;0;96
2023-02;GCP;acct-006;staging;195.482;1.536.191;881.567;1.351.775;4.948.826;532268.08;0.0009294117647058825;0.0937529411764706;0.09845000000000001;0;34
2023-02;GCP;acct-007;dev;903.905;708.078;538.657;656.589;2.369.855;198427.35;0.0012260869565217391;0.016369565217391305;0.047443478260869566;0;23
2023-02;GCP;acct-007;prod;10.587.405;8.156.286;2.627.607;6.931.683;33.163.804;4748742.16;0.0007175824175824176;0.032126373626373626;0.07548021978021978;0;91
2023-02;GCP;acct-007;staging;1.827.294;1.454.503;842.267;1.309.728;4.712.389;412623.18;0.0011884615384615384;0.043392307692307695;0.10422692307692308;0;26
2023-02;GCP;acct-008;dev;567.746;446.767;350.216;414.768;807.183;165030.59;0.000485;0.071585;0.07678;0;20
2023-02;GCP;acct-008;prod;7.291.129;5.632.292;20.906.369.999.999.900;4.903.495;30.796.526;3658112.67;0.0008291666666666666;0.0553625;0.015375;0;72
2023-02;GCP;acct-008;staging;181.781;143.808;827.618;1.303.032;3.879.413;510417.76;0.0007764705882352942;0.06818823529411765;0.11671764705882352;0;34
2023-02;GCP;acct-009;dev;656.065;494.748;38.929;465.299;1.829.914;136033.64;0.0012823529411764706;0.07828823529411764;0.042447058823529414;0;17
2023-02;GCP;acct-009;prod;9.943.193;7.704.794;2.611.069;6.596.707;29.757.487;4528968.59;0.0006625;0.05206477272727272;0.0707159090909091;0;88
2023-02;GCP;acct-009;staging;1.776.792;1.379.054;786.271;12.383.930.000.000.000;1.068.539;48.972.347.000.000.000;0.002165625;-0.0038093749999999994;0.04680937500000001;0;32
2023-02;GCP;acct-010;dev;838.415;664.417;503.509;622.889;1.573.165;190691.06;0.0008217391304347826;-0.002191304347826088;-0.009482608695652173;0;23
2023-02;GCP;acct-010;prod;8.436.904;6.698.899;261.758;5.830.325;2.781.603;4265656.45;0.0006304878048780489;0.06643170731707317;0.04217682926829268;0;82
2023-02;GCP;acct-010;staging;1.985.768;1.523.275;785.869;1.359.715;6.303.318;532788.8;0.0011600000000000002;0.006277142857142857;0.08186285714285715;0;35
2023-03;AWS;acct-001;dev;561.664;457.183;326.086;413.896;1.267.185;117490.1;0.001107142857142857;0.043935714285714286;0.042292857142857146;0;14
2023-03;AWS;acct-001;prod;11.437.609;8.992.014;3.282.795;7.751.054;43.690.280.999.999.900;4501761.42;0.0009850574712643677;0.06891954022988506;0.04569655172413793;0;87
2023-03;AWS;acct-001;staging;2.196.358;1.713.259;1.016.628;1.467.006;6.703.537;544401.07;0.0012194444444444444;0.026850000000000002;0.016200000000000006;0;36
2023-03;AWS;acct-002;dev;511.414;406.602;298.687;38.265.499.999.999.900;18.203.879.999.999.900;145620.69;0.0013277777777777778;0.08322222222222223;0.0741;0;18
2023-03;AWS;acct-002;prod;10.654.001;8.295.553;3.553.865;725.068;34.871.875;4438189.0;0.0007894117647058824;0.08082;0.0364635294117647;0;85
2023-03;AWS;acct-002;staging;3.295.624;2.590.267;1.410.536;2.306.655;7.623.936;802116.31;0.001;0.077875;0.05010384615384615;0;52
2023-03;AWS;acct-003;dev;1.173.819;906.751;717.589;847.319;461.606;235182.12;0.0019655172413793106;0.042527586206896555;0.09297241379310345;0;29
2023-03;AWS;acct-003;prod;12.081.551;9.427.792;3.666.076;8.216.223;33.231.189;4889590.0;0.0006924731182795699;0.047324731182795704;0.051925806451612905;0;93
2023-03;AWS;acct-003;staging;2.623.537;207.653;12.044.800.000.000.000;1.837.353;8.814.177.999.999.990;619300.33;0.0014097560975609756;0.031243902439024394;0.03559268292682927;0;41
2023-03;AWS;acct-004;dev;466.455;357.165;280.823;313.536;1.057.962;107814.48;0.0010307692307692307;0.15197692307692307;0.10753846153846153;0;13
2023-03;AWS;acct-004;prod;10.561.755;8.029.097;2.881.247;6.930.523;35.861.298;4261027.93;0.0008571428571428571;0.04594166666666667;0.05215714285714285;0;84
2023-03;AWS;acct-004;staging;1.874.785;1.444.876;753.775;1.271.995;4.411.331;572804.16;0.0007833333333333334;0.11873333333333333;0.04065833333333333;0;36
2023-03;AWS;acct-005;dev;1.010.183;8.074.080.000.000.000;603.832;735.695;3.647.446;262185.47;0.00144375;0.0376625;0.039850000000000003;0;32
2023-03;AWS;acct-005;prod;12.351.228;9.400.266;3.439.842;8.081.369;32.630.894;4855225.06;0.0006652631578947369;0.02876421052631579;0.052836842105263154;0;95
2023-03;AWS;acct-005;staging;2.237.205;1.702.733;959.436;1.548.046;5.835.057;522199.47;0.0011352941176470588;0.04547058823529412;0.006179411764705883;0;34
2023-03;AWS;acct-006;dev;61.787.099.999.999.900;464.142;347.097;434.277;1.991.849;124428.04;0.0015466666666666665;-0.09259333333333333;0.07900666666666667;0;15
2023-03;AWS;acct-006;prod;11.805.825;9.161.741;3.265.426;785.831;36.035.844;5120375.87;0.000694059405940594;0.05093564356435643;0.021176237623762376;0;101
2023-03;AWS;acct-006;staging;2.569.626;2.043.932;1.213.964;1.777.793;7.771.208;574159.87;0.0013789473684210527;0.07671578947368421;0.05152894736842105;0;38
2023-03;AWS;acct-007;dev;1.037.286;812.507;60.988;742.497;4.879.007;223334.67;0.002162962962962963;0.04909259259259259;0.060281481481481484;0;27
2023-03;AWS;acct-007;prod;12.325.191;9.485.843;3.058.519;8.112.626;34.643.934;4954483.43;0.0007031250000000001;0.05566354166666667;0.004897916666666665;0;96
2023-03;AWS;acct-007;staging;222.5;1.737.295;1.012.234;1.546.261;7.418.688;568654.52;0.0014166666666666668;0.06466944444444445;0.054288888888888887;0;36
2023-03;AWS;acct-008;dev;718.119;563.658;413.591;514.792;3.295.689;159819.19;0.002095;0.102715;-0.08568;0;20
2023-03;AWS;acct-008;prod;12.495.987;9.708.898;3.326.243;8.308.656;3.759.585;5051900.91;0.0007742268041237113;0.045603092783505154;0.051482474226804124;0;97
2023-03;AWS;acct-008;staging;2.195.644;1.738.181;927.873;1.527.115;8.466.113;612638.4;0.001435897435897436;0.053879487179487186;0.10379999999999999;0;39
2023-03;AWS;acct-009;dev;1.054.047;759.491;58.311;716.996;3.075.386;237357.69;0.0012321428571428572;0.1060857142857143;0.0742142857142857;0;28
2023-03;AWS;acct-009;prod;13.548.374.000.000.000;1.045.129;3.828.578;9.001.677;45.659.396;5252039.53;0.0008826923076923076;0.03267403846153846;-0.014578846153846154;0;104
2023-03;AWS;acct-009;staging;1.952.184;146.659;905.026;1.292.473;414.048;484619.98;0.0008387096774193548;0.04797096774193548;0.036196774193548394;0;31
2023-03;AWS;acct-010;dev;717.323;555.976;399.921;511.976;4.255.356;150434.56;0.002977777777777778;0.0768388888888889;0.11625000000000002;0;18
2023-03;AWS;acct-010;prod;12.755.996;967.181;3.326.548;8.307.096;32.632.379;4934309.58;0.000658;0.041693999999999995;0.059526;0;100
2023-03;AWS;acct-010;staging;1.759.087;1.336.327;677.342;1.165.078;5.696.545;528582.22;0.0011742857142857143;0.044860000000000004;0.04530285714285714;0;35
2023-03;Azure;acct-001;dev;1.332.917;1.012.922;7.661.749.999.999.990;96.061;33.663.509.999.999.900;290524.36;0.001177142857142857;0.05781428571428571;0.14337142857142857;0;35
2023-03;Azure;acct-001;prod;11.474.039;9.043.886;3.515.183;7.864.612;27.597.613;5109258.35;0.000552;0.08364200000000001;0.010621999999999998;0;100
2023-03;Azure;acct-001;staging;3.053.575;2.387.335;1.300.331;2.019.312;9.783.239;7.099.349.400.000.000;0.0013934782608695654;0.056715217391304355;0.016789130434782605;0;46
2023-03;Azure;acct-002;dev;950.665;770.177;59.913.199.999.999.900;720.173;2.182.074;23.790.780.000.000.000;0.0009172413793103448;0.0019379310344827577;0.08686551724137931;0;29
2023-03;Azure;acct-002;prod;12.059.299;9.348.366;3.691.367;8.169.815;42.180.754;5531560.48;0.0007564814814814815;0.06845833333333333;0.04066851851851852;0;108
2023-03;Azure;acct-002;staging;211.091;1.644.571;835.947;1.422.106;5.687.517;47.888.295.999.999.900;0.0011870967741935484;0.013651612903225807;0.05571612903225807;0;31
2023-03;Azure;acct-003;dev;44.762.299.999.999.900;337.645;235.347;300.905;900.914;96474.57;0.00095;0.09213333333333333;-0.005458333333333329;0;12
2023-03;Azure;acct-003;prod;12.490.796;9.797.324;3.278.159;8.412.328;44.919.982;5143630.21;0.0008653465346534654;0.03293267326732673;0.06801287128712871;0;101
2023-03;Azure;acct-003;staging;241.333;1.825.397;942.501;1.590.804;7.659.585;581584.76;0.0012815789473684211;0.0555421052631579;0.04887894736842105;0;38
2023-03;Azure;acct-004;dev;59.716.300.000.000.000;481.243;340.429;442.114;1.636.146;170526.1;0.0009333333333333333;0.06355714285714285;0.1021047619047619;0;21
2023-03;Azure;acct-004;prod;12.814.152;10.029.002;3.430.575;8.617.011;43.285.148;5666156.07;0.000773394495412844;0.0379862385321101;0.061182568807339445;0;109
2023-03;Azure;acct-004;staging;2.542.636;1.942.639;1.088.307;1.677.586;9.465.976;617413.21;0.0015275;0.061114999999999996;0.1182925;0;40
2023-03;Azure;acct-005;dev;532.467;411.718;297.504;37.298.899.999.999.900;985.775;152527.78;0.0006368421052631579;0.08173157894736843;0.016015789473684205;0;19
2023-03;Azure;acct-005;prod;11.158.627;8.587.311;3.282.317;7.463.772;31.686.882;4950530.61;0.0006567010309278351;0.07108453608247423;0.06684639175257732;0;97
2023-03;Azure;acct-005;staging;1.759.415;137.944;722.672;1.194.172;5.128.556;479115.39;0.0010406249999999999;0.039353125;0.085365625;0;32
2023-03;Azure;acct-006;dev;1.083.618;854.684;618.574;792.915;308.738;242204.5;0.0013275862068965517;0.050544827586206896;0.04277931034482759;0;29
2023-03;Azure;acct-006;prod;8.044.135;6.419.091;24.258.950.000.000.000;5.528.339;38.680.626;3815522.38;0.00102;0.06431066666666667;0.033644;0;75
2023-03;Azure;acct-006;staging;2.760.758;2.221.465;1.230.602;2.004.056;6.943.293;624158.94;0.0011025;0.06939;0.055685000000000005;0;40
2023-03;Azure;acct-007;dev;928.857;717.009;515.468;63.800.399.999.999.900;3.540.043;206643.45;0.0016615384615384617;0.04141923076923077;0.11056923076923077;0;26
2023-03;Azure;acct-007;prod;1.222.087;9.370.207;3.548.318;8.088.742;34.946.321;5072735.19;0.0007111111111111111;0.0469969696969697;0.05963333333333333;0;99
2023-03;Azure;acct-007;staging;1.088.793;873.586;455.607;767.989;3.421.828;394983.07;0.0008799999999999999;0.015267999999999997;0.026228;0;25
2023-03;Azure;acct-008;dev;78.055;598.891;454.799;556.863;17.098.160.000.000.000;196153.3;0.0008956521739130435;-0.04491739130434782;0.08941739130434782;0;23
2023-03;Azure;acct-008;prod;1.257.305;9.648.322.000.000.000;4.073.962;8.456.386;30.601.422.000.000.000;5011611.31;0.0006319587628865979;0.07026494845360826;0.05309381443298969;0;97
2023-03;Azure;acct-008;staging;2.685.898;2.067.935;928.214;1.713.555;7.018.461;687467.46;0.0010636363636363636;0.025845454545454546;0.034525;0;44
2023-03;Azure;acct-009;dev;881.354;741.304;563.141;703.434;4.913.653;187532.78;0.0026125000000000002;0.0310375;0.11007083333333334;0;24
2023-03;Azure;acct-009;prod;9.552.651;7.394.978;2.720.955;6.407.237;22.881.053;4210727.49;0.0005329268292682927;0.04720731707317073;0.05183414634146341;0;82
2023-03;Azure;acct-009;staging;1.929.168;1.562.021;83.307;137.887;951.03;494423.89;0.0018696969696969695;0.07306666666666667;0.04287878787878788;0;33
2023-03;Azure;acct-010;dev;109.304;868.552;640.877;793.827;3.226.711;246995.55;0.00135;0.006403333333333334;0.055856666666666666;0;30
2023-03;Azure;acct-010;prod;9.787.244.000.000.000;7.453.381;2.755.422;6.515.311;21.163.544;4467694.13;0.0004770114942528736;0.0803367816091954;0.03889770114942529;0;87
2023-03;Azure;acct-010;staging;2.061.266;1.608.936;8.113.419.999.999.990;1.426.113;6.045.921;518514.27;0.0011323529411764706;0.01064411764705882;0.05848235294117647;0;34
2023-03;GCP;acct-001;dev;524.564;364.277;265.026;324.398;1.296.878;139974.06;0.0009235294117647059;0.1116;0.008929411764705878;0;17
2023-03;GCP;acct-001;prod;9.332.706;7.415.254;2.709.321;6.381.697;32.385.616;4293080.97;0.0007573170731707317;0.05523414634146342;0.08555243902439025;0;82
2023-03;GCP;acct-001;staging;2.226.724;1.754.328;1.076.471;1.558.996;5.887.992;7.426.904.299.999.990;0.0007791666666666667;0.12933541666666667;0.006750000000000002;0;48
2023-03;GCP;acct-002;dev;668.481;497.947;386.603;441.786;1.924.543;158467.37;0.0012263157894736843;0.04825263157894737;0.19671052631578947;0;19
2023-03;GCP;acct-002;prod;1.018.268;7.896.998;26.839.300.000.000.000;6.815.034;4.459.981;4452575.5;0.0010333333333333334;0.028873563218390803;0.05463908045977011;0;87
2023-03;GCP;acct-002;staging;171.375;1.366.036;728.696;1.180.237;36.801.059.999.999.900;5.440.359.400.000.000;0.0006611111111111111;0.06003888888888889;0.04373888888888889;0;36
2023-03;GCP;acct-003;dev;67.406;509.877;393.838;471.759;999.624;181961.78;0.0005681818181818183;-0.010999999999999996;0.06746818181818182;0;22
2023-03;GCP;acct-003;prod;9.828.068;7.609.302;2.355.222;642.753;23.366.765;4489716.72;0.0005295454545454545;0.05321590909090909;0.0584625;0;88
2023-03;GCP;acct-003;staging;263.76;2.015.003;1.036.435;1.760.265;16.379.751;623808.57;0.0025878048780487804;0.0638439024390244;0.04452926829268293;0;41
2023-03;GCP;acct-004;dev;868.685;689.881;485.589;624.016;331.894;24.728.302.000.000.000;0.0013066666666666667;0.08639666666666666;0.034850000000000006;0;30
2023-03;GCP;acct-004;prod;11.125.734;8.560.313;3.780.012;7.541.819;33.493.331;4750373.26;0.0006946236559139785;0.02525483870967742;0.0556010752688172;0;93
2023-03;GCP;acct-004;staging;2.229.929;1.748.757;875.573;1.506.368;463.747;604184.88;0.0007564102564102564;0.024364102564102562;0.057907692307692306;0;39
2023-03;GCP;acct-005;dev;84.41;6.526.820.000.000.000;51.427;611.621;2.456.911;200710.26;0.001208;0.052028;-0.034095999999999994;0;25
2023-03;GCP;acct-005;prod;11.363.274;9.046.328;323.282;7.820.827;30.586.217;4723782.71;0.0006473118279569892;0.04548494623655914;0.07450645161290323;0;93
2023-03;GCP;acct-005;staging;239.461;1.847.061;885.082;1.626.134;9.567.812;602801.85;0.0017131578947368422;0.04240263157894737;0.07367105263157896;0;38
2023-03;GCP;acct-006;dev;653.838;505.287;382.167;467.763;2.432.331;190589.27;0.0013086956521739129;0.046556521739130434;0.1489;0;23
2023-03;GCP;acct-006;prod;10.997.956;8.569.627;2.701.539;7.256.325;32.280.577;5266018.21;0.0006106796116504854;0.057515533980582526;0.030891262135922328;0;103
2023-03;GCP;acct-006;staging;2.243.698;1.758.424;955.116;1.564.214;6.979.627;637847.47;0.0011365853658536586;0.017436585365853657;0.030978048780487804;0;41
2023-03;GCP;acct-007;dev;408.261;312.316;24.095.399.999.999.900;297.352;1.073.976;125456.8;0.0008466666666666667;0.13026;0.13537333333333335;0;15
2023-03;GCP;acct-007;prod;1.154.492;8.968.975;3.344.977;7.805.581;31.247.502;4909152.05;0.0006377551020408163;0.04652244897959183;0.03405612244897959;0;98
2023-03;GCP;acct-007;staging;2.041.749;1.568.851;866.663;1.411.322;9.063.012;667901.59;0.001341860465116279;0.022816279069767444;0.0822093023255814;0;43
2023-03;GCP;acct-008;dev;698.365;563.595;402.431;514.644;1.574.939;173827.44;0.0009190476190476191;0.08686666666666666;0.026442857142857143;0;21
2023-03;GCP;acct-008;prod;9.267.678;7.246.678;2.751.143;629.307;30.958.814;3998650.38;0.0007730769230769231;0.062047435897435894;0.06436666666666667;0;78
2023-03;GCP;acct-008;staging;2.554.934;1.957.987;1.055.319;1.732.337;10.457.617;715810.95;0.0015152173913043478;0.057119565217391303;0.0476695652173913;0;46
2023-03;GCP;acct-009;dev;751.364;581.286;432.751;540.093;35.239.390.000.000.000;189813.04;0.0019043478260869565;-0.01978260869565217;0.030413043478260866;0;23
2023-03;GCP;acct-009;prod;11.788.466;9.088.922;3.147.776;7.874.872;25.658.254;5245509.51;0.000492156862745098;0.032372549019607844;0.005573529411764706;0;102
2023-03;GCP;acct-009;staging;21.597.560.000.000.000;1.636.338;1.065.906;1.478.416;7.188.306;581154.64;0.0012921052631578948;0.04661578947368421;0.011447368421052637;0;38
2023-03;GCP;acct-010;dev;943.615;698.472;52.283;645.625;2.837.668;220167.6;0.0012962962962962965;-0.0020555555555555557;0.027174074074074076;0;27
2023-03;GCP;acct-010;prod;10.748.816;8.178.875;2.946.496;7.093.711;42.904.499;4873536.2;0.0009180851063829787;0.08148297872340425;0.07702127659574469;0;94
2023-03;GCP;acct-010;staging;2.060.196;1.598.348;103.092;1.473.281;4.782.483;624119.59;0.0008025;0.0522775;0.04306;0;40
2023-04;AWS;acct-001;dev;938.223;722.248;506.228;671.078;2.353.515;181135.64;0.001290909090909091;0.06708181818181819;0.10554090909090909;0;22
2023-04;AWS;acct-001;prod;10.794.681;8.403.405;28.901.890.000.000.000;719.357;26.604.419;4569240.14;0.0005943181818181819;0.041345454545454546;0.10710113636363636;0;88
2023-04;AWS;acct-001;staging;3.045.227;2.378.247;1.295.458;2.060.101;11.315.345;711359.5;0.0015936170212765956;0.0071106382978723395;0.08017872340425532;0;47
2023-04;AWS;acct-002;dev;681.805;52.364.599.999.999.900;388.778;478.633;1.457.312;161997.39;0.0008947368421052633;0.09646842105263158;0.05426842105263158;0;19
2023-04;AWS;acct-002;prod;9.785.946;7.403.819;2.259.252;6.237.323;30.718.274;4148935.72;0.0007682926829268293;0.01670487804878049;0.09335243902439024;0;82
2023-04;AWS;acct-002;staging;2.200.424;1.708.089;977.536;1.465.844;5.653.918;516282.1;0.0010714285714285715;0.05065142857142857;0.042557142857142856;0;35
2023-04;AWS;acct-003;dev;633.444;50.611.599.999.999.900;371.577;455.115;864.668;13.436.391.999.999.900;0.0006529411764705882;0.10824117647058824;0.03732941176470589;0;17
2023-04;AWS;acct-003;prod;12.102.891;9.382.974;3.440.006;816.416;37.638.271.999.999.900;4720438.2;0.0008161290322580645;0.04732150537634409;0.013262365591397847;0;93
2023-04;AWS;acct-003;staging;2.099.723;1.612.785;931.771;1.410.691;6.896.487;620199.6;0.0011375;0.05885;0.027755000000000002;0;40
2023-04;AWS;acct-004;dev;765.705;62.051.700.000.000.000;47.38;576.755;2.839.037;194454.19;0.001475;0.05620833333333333;0.007562499999999997;0;24
2023-04;AWS;acct-004;prod;1.075.588;8.286.515;3.124.568;7.118.001;21.494.383;4677839.26;0.0004615384615384616;0.011872527472527473;0.027401098901098903;0;91
2023-04;AWS;acct-004;staging;2.112.225;1.632.485;910.645;1.466.652;6.302.815;550015.84;0.0010916666666666668;0.04653611111111111;0.06847222222222221;0;36
2023-04;AWS;acct-005;dev;100.134;777.634;58.686;738.576;22.937.099.999.999.900;231366.98;0.0009857142857142857;-0.002721428571428576;0.10868214285714285;0;28
2023-04;AWS;acct-005;prod;1.070.201;8.390.325;2.527.465;7.130.744;29.703.684;4183489.1;0.0007036585365853659;0.053428048780487805;0.051851219512195124;0;82
2023-04;AWS;acct-005;staging;2.746.698;2.004.662;1.172.831;1.793.001;5.852.952;601043.85;0.0009846153846153846;0.011235897435897438;0.06306923076923078;0;39
2023-04;AWS;acct-006;dev;804.867;601.903;449.027;550.747;3.368.771;171572.71;0.0019095238095238093;0.09308571428571429;0.12174761904761906;0;21
2023-04;AWS;acct-006;prod;11.978.417;9.393.876;377.674;8.187.598;39.297.479;5018104.75;0.000792929292929293;0.07243737373737374;0.05737373737373737;0;99
2023-04;AWS;acct-006;staging;202.838;1.543.612;875.105;1.410.163;49.534.569.999.999.900;509379.37;0.0009818181818181818;0.06359393939393938;0.1265060606060606;0;33
2023-04;AWS;acct-007;dev;92.18;67.045;486.483;62.896;2.337.921;184126.26;0.0012636363636363635;0.05739090909090909;0.08963181818181819;0;22
2023-04;AWS;acct-007;prod;9.691.354;7.609.861;2.757.521;6.539.569;40.860.783;4137599.47;0.0009901234567901234;0.02599259259259259;0.03752345679012345;0;81
2023-04;AWS;acct-007;staging;234.78;1.711.663;992.494;1.517.043;48.321.569.999.999.900;606374.96;0.0008025641025641026;0.059010256410256416;0.05293846153846154;0;39
2023-04;AWS;acct-008;dev;622.182;471.821;354.033;439.451;1.505.451;146255.75;0.0010444444444444444;0.0782388888888889;0.07695;0;18
2023-04;AWS;acct-008;prod;1107.37;8.744.209;3.432.395;7.595.741;37.486.781;4975019.72;0.000759375;0.030269791666666667;0.052021875;0;96
2023-04;AWS;acct-008;staging;1.818.762;1.371.746;827.961;1.195.358;7.983.498;507910.56;0.0016484848484848485;0.01413939393939394;0.09347272727272728;0;33
2023-04;AWS;acct-009;dev;723.067;555.557;390.631;51.486;1.803.363;183625.51;0.0009500000000000001;0.06919545454545455;-0.013763636363636369;0;22
2023-04;AWS;acct-009;prod;10.085.543;7.844.904;2.880.751;6.768.802.000.000.000;35.999.147.000.000.000;4027233.35;0.000879746835443038;0.07351898734177215;0.1131481012658228;0;79
2023-04;AWS;acct-009;staging;23.224.360.000.000.000;1.826.952;117.027;1.666.324;7.146.261;700733.15;0.0010333333333333334;0.05323111111111111;0.05796666666666666;0;45
2023-04;AWS;acct-010;dev;941.784;719.056;548.777;679.186;23.658.530.000.000.000;203444.57;0.00122;0.011008;0.018872;0;25
2023-04;AWS;acct-010;prod;11.776.763;8.900.187;2.975.525;7.580.893;32.483.763;4806295.66;0.0006827956989247312;0.01893225806451613;0.04975913978494624;0;93
2023-04;AWS;acct-010;staging;2.397.223;185.241;99.94;1.629.383;7.868.255;604811.56;0.0013225;0.032475;-0.016390000000000002;0;40
2023-04;Azure;acct-001;dev;94.414;777.038;586.777;709.414;1.672.506;221144.12;0.0007481481481481481;0.020607407407407408;0.02221111111111111;0;27
2023-04;Azure;acct-001;prod;9.026.655;7.165.165;307.349;6.273.502;27.727.254;3946834.71;0.0007157894736842105;0.06257368421052632;0.05780921052631578;0;76
2023-04;Azure;acct-001;staging;1.847.231;1.461.224;859.364;131.266;6.822.498;527434.88;0.001361764705882353;0.07765;0.04906470588235294;0;34
2023-04;Azure;acct-002;dev;842.606;639.912;491.517;587.694;2.081.029;184690.94;0.0011454545454545454;-0.005422727272727273;0.13702727272727275;0;22
2023-04;Azure;acct-002;prod;12.328.564;9.476.199;3.464.898;8.190.013;35.157.515;4907116.19;0.0007135416666666667;0.054408333333333336;0.04275520833333333;0;96
2023-04;Azure;acct-002;staging;2.220.806;1.726.929;965.348;1.568.411;4.557.489;596173.98;0.0007657894736842105;0.07681315789473683;0.01311578947368421;0;38
2023-04;Azure;acct-003;dev;63.189;484.048;36.629;450.277;25.410.000.000.000.000;196597.52;0.0012833333333333334;0.013391666666666668;0.07295416666666667;0;24
2023-04;Azure;acct-003;prod;9.057.347;6.933.171;273.097;5.980.423;23.366.357;4296219.25;0.0005482352941176471;0.05665058823529411;0.07032705882352941;0;85
2023-04;Azure;acct-003;staging;1.449.483;1.155.531;65.492;1.033.192;4.913.575;362662.06;0.0013391304347826088;0.06432173913043479;0.09256086956521738;0;23
2023-04;Azure;acct-004;dev;918.575;751.784;55.557.900.000.000.000;689.363;4.359.169;216017.95;0.0020037037037037037;0.004918518518518518;0.028977777777777776;0;27
2023-04;Azure;acct-004;prod;8.821.291;7.094.296;2.266.242;6.056.481;29.079.744;4308883.65;0.0007023809523809524;0.047944047619047615;0.02391309523809524;0;84
2023-04;Azure;acct-004;staging;1.939.539;156.621;83.491;1.367.003;8.266.791.000.000.000;536482.1;0.0015371428571428571;0.07099428571428572;0.10137714285714286;0;35
2023-04;Azure;acct-005;dev;668.819;505.905;374.889;467.056;2.228.028;155972.36;0.001468421052631579;0.02863684210526316;-0.03181578947368421;0;19
2023-04;Azure;acct-005;prod;10.879.446;8.380.478;3.047.386;724.409;31.566.495.999.999.900;4709812.51;0.0006978260869565219;0.04192391304347826;0.021878260869565215;0;92
2023-04;Azure;acct-005;staging;1.870.705;154.926;748.267;1.322.671;6.119.261;437094.08;0.0013793103448275863;0.044341379310344826;0.07031724137931035;0;29
2023-04;Azure;acct-006;dev;740.423;578.274;436.292;514.062;2.238.624;205028.13;0.0011279999999999999;0.043472;0.18466000000000002;0;25
2023-04;Azure;acct-006;prod;10.995.604;847.457;2.782.124;7.309.435;26.457.992;5023004.82;0.0005257731958762887;0.02782680412371134;-0.01657938144329897;0;97
2023-04;Azure;acct-006;staging;3.136.118;2.392.323;116.006;2.114.639;8.270.698;727942.49;0.0011595744680851063;0.04167021276595744;0.010329787234042551;0;47
2023-04;Azure;acct-007;dev;128.029;1.047.209;765.626;950.345;4.297.327;265394.62;0.0015875;0.063275;0.09020625;0;32
2023-04;Azure;acct-007;prod;11.989.769.000.000.000;9.450.024;3.111.135;7.978.771;34.254.039.000.000.000;5118121.19;0.0006626262626262627;0.05236565656565656;0.0235989898989899;0;99
2023-04;Azure;acct-007;staging;1.522.365;11.435.079.999.999.900;572.648;1.000.558;5.624.501;482252.21;0.001170967741935484;0.09904193548387097;0.07211290322580645;0;31
2023-04;Azure;acct-008;dev;6.663.680.000.000.000;516.681;382.299;479.382;9.659.729.999.999.990;154184.49;0.00065;0.04192777777777778;0.08567222222222222;0;18
2023-04;Azure;acct-008;prod;10.709.566;8.393.518;2.967.896;7.245.799;33.174.578;4775581.8;0.0007021505376344086;0.05290645161290323;0.07258817204301075;0;93
2023-04;Azure;acct-008;staging;159.537;119.631;63.219.699.999.999.900;1.029.033;5.307.524.999.999.990;475634.52;0.0011387096774193547;0.02548709677419355;0.00019354838709677503;0;31
2023-04;Azure;acct-009;dev;883.286;671.995;50.296;613.032;157.657;182536.97;0.0008521739130434782;0.021747826086956527;0.023643478260869565;0;23
2023-04;Azure;acct-009;prod;8.437.728;6.547.283;1.864.417;5.579.122;26.698.484;4176036.15;0.0006378048780487804;0.05595121951219512;0.07648902439024391;0;82
2023-04;Azure;acct-009;staging;2.684.636;2.090.473;1.131.915;1.859.248;4.779.936;627306.41;0.0007902439024390244;-0.00615609756097561;0.11854146341463415;0;41
2023-04;Azure;acct-010;dev;635.586;501.811;39.580.799.999.999.900;466.066;2.514.479;158434.75;0.001575;0.07456;0.07846;0;20
2023-04;Azure;acct-010;prod;10.104.013;7.885.931;2.716.689;6.708.433;30.004.888;4864509.41;0.0006139784946236559;0.03973225806451613;0.018910752688172043;0;93
2023-04;Azure;acct-010;staging;2.186.798;1.661.748;818.899;1.371.526;5.587.647;495856.75;0.0011272727272727272;0.07201212121212122;0.07937272727272728;0;33
2023-04;GCP;acct-001;dev;395.852;29.545.299.999.999.900;227.697;28.107.799.999.999.900;2.113.554;10.827.751.000.000.000;0.0018846153846153848;-0.03903076923076923;-0.02331538461538462;0;13
2023-04;GCP;acct-001;prod;11.618.995;9.089.577;3.583.905;7.917.914;38.586.144;5261690.62;0.0007495145631067962;0.07391456310679612;0.05601650485436893;0;103
2023-04;GCP;acct-001;staging;2.201.245;1.670.457;865.153;1.447.233;46.744.259.999.999.900;603021.95;0.000815;0.06159250000000001;0.0766975;0;40
2023-04;GCP;acct-002;dev;620.648;488.791;384.761;457.022;2.066.318;182145.39;0.001131818181818182;0.05380454545454545;-0.014459090909090906;0;22
2023-04;GCP;acct-002;prod;9.211.722;7.345.232;2.401.874;6.281.683;34.556.313;4402548.54;0.0008116279069767442;0.04714069767441861;0.04603837209302326;0;86
2023-04;GCP;acct-002;staging;2.443.454;1.910.416;1.062.395;1.685.967;5.882.473;785998.83;0.0007539999999999999;0.044366;0.04046;0;50
2023-04;GCP;acct-003;dev;680.325;532.012;395.637;489.492;1.438.706;184350.09;0.0007695652173913043;0.024256521739130434;0.008056521739130436;0;23
2023-04;GCP;acct-003;prod;10.969.305;8.504.998;3.068.617;7.382.005;34.557.685;5078835.17;0.0007040404040404041;0.07826767676767676;0.05257373737373737;0;99
2023-04;GCP;acct-003;staging;2.275.972;1.794.685;820.662;1.558.081;5.903.281.000.000.000;705307.39;0.0008586956521739131;0.0655195652173913;0.1074891304347826;0;46
2023-04;GCP;acct-004;dev;923.768;746.865;567.778;691.668;3.996.594;229422.8;0.001713793103448276;0.07380689655172414;0.10886206896551724;0;29
2023-04;GCP;acct-004;prod;8.590.616;6.705.568;2.560.295;5.828.672;21.576.124.999.999.900;3770626.81;0.0005743243243243243;0.048806756756756754;0.07731081081081081;0;74
2023-04;GCP;acct-004;staging;2.826.918;2.181.512;1.181.814;1.880.819;9.307.791;781047.56;0.001204;0.05965;0.118598;0;50
2023-04;GCP;acct-005;dev;758.494;588.547;433.537;535.398;2.860.482;214389.43;0.0013538461538461538;0.03419615384615385;0.0009000000000000055;0;26
2023-04;GCP;acct-005;prod;10.100.755;7.908.495;2.592.858;6.794.216;32.323.529;4720263.81;0.0006782608695652173;0.07505978260869565;0.06662282608695652;0;92
2023-04;GCP;acct-005;staging;2.163.725;1.710.175;921.994;1.498.819;9.466.291;657750.42;0.001455813953488372;0.08008139534883721;0.054223255813953486;0;43
2023-04;GCP;acct-006;dev;57.231.700.000.000.000;428.474;30.381.800.000.000.000;394.004;1.438.185;146533.0;0.0009444444444444445;0.0695111111111111;-0.011644444444444445;0;18
2023-04;GCP;acct-006;prod;9.846.033;7.712.764.999.999.990;2.602.157;6.660.961;32.343.143;4479731.19;0.0007149425287356322;0.05933793103448276;0.06035057471264368;0;87
2023-04;GCP;acct-006;staging;16.335.229.999.999.900;1.295.273;633.412;1.137.946;559.363;347957.24;0.0016695652173913044;0.012917391304347827;0.09779565217391303;0;23
2023-04;GCP;acct-007;dev;592.809;496.403;347.382;450.696;2.702.233;164793.14;0.00162;0.078825;0.058055;0;20
2023-04;GCP;acct-007;prod;9.014.443;6.976.924;2.759.623;6.087.265;20.860.611;4354660.53;0.00048823529411764707;0.01991176470588235;0.0033423529411764695;0;85
2023-04;GCP;acct-007;staging;2.308.193;1.855.524;962.299;1.617.968;5.788.618;631716.5;0.0009390243902439024;0.05973170731707317;0.019987804878048777;0;41
2023-04;GCP;acct-008;dev;635.274;510.424;366.041;462.451;2.730.933;136630.7;0.0021;-0.0010941176470588255;0.017864705882352946;0;17
2023-04;GCP;acct-008;prod;11.960.178;9.324.406;3.144.248;7.970.308;31.612.676;5424035.48;0.0005792452830188679;0.059183018867924535;0.08082452830188679;0;106
2023-04;GCP;acct-008;staging;2.390.069;1.855.266;971.955;1.665.266;562.823;579447.41;0.0010263157894736842;-0.011557894736842106;0.04791052631578947;0;38
2023-04;GCP;acct-009;dev;806.237;588.666;429.709;530.618;1.819.717;197741.85;0.0009166666666666666;0.04571666666666666;0.047412499999999996;0;24
2023-04;GCP;acct-009;prod;10.801.196;8.351.892;3.244.603;7.230.704.000.000.000;31.692.761;4970766.37;0.0006377551020408163;0.02498469387755102;0.04110204081632653;0;98
2023-04;GCP;acct-009;staging;2.191.244;1.670.221;850.298;1.468.002;707.139;554539.22;0.0012333333333333335;0.009572222222222223;0.09132777777777779;0;36
2023-04;GCP;acct-010;dev;499.534;401.992;309.976;380.336;649.305;147113.3;0.0004526315789473684;-0.014394736842105267;-0.01227894736842105;0;19
2023-04;GCP;acct-010;prod;9.503.129;7.358.902;2.803.379;6.401.642;31.606.292;4590523.54;0.0006943820224719101;0.02681011235955056;0.03501573033707865;0;89
2023-04;GCP;acct-010;staging;2.026.259;1.575.272;820.829;1.405.235;4.917.519;582466.45;0.0008578947368421052;0.06167105263157894;0.09371052631578947;0;38
2023-05;AWS;acct-001;dev;1.123.406;885.994;680.286;817.639;2.626.444;256050.18;0.0010193548387096775;0.06550967741935484;0.021703225806451613;0;31
2023-05;AWS;acct-001;prod;12.999.504;10.180.408;3.919.029;8.903.334;4.236.349;5274265.84;0.0008211538461538462;0.045632692307692305;0.06476634615384615;0;104
2023-05;AWS;acct-001;staging;2.227.479;1.718.896;881.992;1.548.179;6.365.722.000.000.000;47.259.508.999.999.900;0.0013322580645161292;0.04405483870967742;-0.039912903225806456;0;31
2023-05;AWS;acct-002;dev;1.105.931;850.476;618.615;77.666;2.351.743;221106.35;0.001096153846153846;0.007192307692307693;0.06686153846153846;0;26
2023-05;AWS;acct-002;prod;11.300.251;8.708.949;2.864.606;7.515.818;33.035.714;4923004.43;0.0006718750000000001;0.08711562499999999;0.07396875;0;96
2023-05;AWS;acct-002;staging;2.170.496;169.172;930.016;1.465.371;671.511;614371.79;0.0011256410256410255;0.06113589743589744;0.08195128205128205;0;39
2023-05;AWS;acct-003;dev;1.078.243;843.876;628.702;764.619;3.131.393;239417.94;0.0013533333333333333;0.02831;0.08643333333333333;0;30
2023-05;AWS;acct-003;prod;11.522.255;9.089.779;2.973.265;7.740.831;27.329.811;4843622.1;0.0005589473684210526;0.08698736842105263;0.022577894736842102;0;95
2023-05;AWS;acct-003;staging;1.935.994;1.513.745;678.703;1.324.485;7.873.265;567087.42;0.0014351351351351352;0.03212432432432432;0.06678108108108108;0;37
2023-05;AWS;acct-004;dev;110.53;86.08;639.632;789.226;6.156.962;253385.93;0.0024733333333333335;0.02088;0.051993333333333336;0;30
2023-05;AWS;acct-004;prod;11.241.486;884.382;2.829.287;7.490.778;33.841.106;4796830.26;0.0007279569892473118;0.06973118279569893;-3,23E+10;0;93
2023-05;AWS;acct-004;staging;1.570.169;1.221.946;673.911;1.043.517;4.922.613;495739.05;0.0010375;0.048812499999999995;0.13273125;0;32
2023-05;AWS;acct-005;dev;716.899;579.546;432.873;531.489;2.260.779;152452.37;0.0015105263157894737;0.07840526315789474;0.10098421052631579;0;19
2023-05;AWS;acct-005;prod;1.317.692;10.276.571;3.466.367;8.755.397;44.744.387;5225145.27;0.000888235294117647;0.05733627450980392;0.04480196078431373;0;102
2023-05;AWS;acct-005;staging;2.517.773;19.175.990.000.000.000;1.060.338;1.666.585;10.850.719;640863.15;0.0017976190476190475;-0.01998809523809524;-0.03658095238095238;0;42
2023-05;AWS;acct-006;dev;913.654;755.149;556.143;6.960.390.000.000.000;2.671.924;16.985.411.000.000.000;0.0016761904761904763;-0.0007190476190476138;-0.00913809523809524;0;21
2023-05;AWS;acct-006;prod;10.654.121;8.270.360.000.000.000;3.225.053;7.169.544;28.914.481;4284950.21;0.0006734939759036145;0.0692722891566265;0.0576132530120482;0;83
2023-05;AWS;acct-006;staging;2.716.614;2.087.666;1.140.993;1.843.547;767.486;720409.06;0.001078723404255319;0.04062978723404255;0.002568085106382983;0;47
2023-05;AWS;acct-007;dev;874.954;7.241.080.000.000.000;532.636;6.628.529.999.999.990;2.431.549;202658.69;0.001196;0.095736;0.039968;0;25
2023-05;AWS;acct-007;prod;9.339.317;7.204.704;2.437.453;6.186.333;38.484.145;4276986.89;0.0008963855421686746;0.018614457831325305;0.024049397590361444;0;83
2023-05;AWS;acct-007;staging;392.846;3.162.034;1.748.059;2.796.055;11.211.402;919351.63;0.00121;0.04222;0.09219666666666668;0;60
2023-05;AWS;acct-008;dev;944.222;774.215;582.087;696.176;2.944.847;168790.75;0.0016714285714285713;-0.020114285714285713;-0.01624285714285715;0;21
2023-05;AWS;acct-008;prod;12.009.154;9.297.871;2.914.025;7.957.505;36.323.964;5030949.31;0.0007428571428571429;0.06737244897959184;0.0701826530612245;0;98
2023-05;AWS;acct-008;staging;1.874.289;1.416.207;782.025;1.237.685;5.210.494;555192.9;0.0009342857142857143;0.08872285714285713;0.03941714285714285;0;35
2023-05;AWS;acct-009;dev;61.688;485.044;378.012;460.684;209.964;173792.76;0.0010954545454545453;0.01185;0.06450454545454545;0;22
2023-05;AWS;acct-009;prod;10.900.546;8.458.745;2.958.123;7.296.805;21.555.219;4863610.04;0.000446875;0.048272916666666665;0.04147916666666667;0;96
2023-05;AWS;acct-009;staging;1.950.191;1.524.338;849.318;1.362.469;10.552.613;462019.52;0.002264516129032258;0.0673741935483871;0.019187096774193543;0;31
2023-05;AWS;acct-010;dev;92.813;714.527;544.662;645.456;2.099.463;209830.28;0.00102;0.0718;0.061372;0;25
2023-05;AWS;acct-010;prod;11.543.598;8.938.068;2.814.331;7.599.231;43.446.355;4820377.05;0.0009042553191489362;0.04848829787234043;0.06438936170212765;0;94
2023-05;AWS;acct-010;staging;125.543;948.835;558.155;849.512;44.382.300.000.000.000;332693.28;0.0013954545454545454;0.05812272727272727;-0.09077727272727273;0;22
2023-05;Azure;acct-001;dev;1.025.107;799.356;618.304;737.867;3.166.682;26.008.530.000.000.000;0.001229032258064516;0.07002903225806452;0.06743870967741934;0;31
2023-05;Azure;acct-001;prod;9.772.631;7.783.548;2.807.947;671.913;41.249.912;4438737.19;0.0009206896551724139;0.03351494252873563;0.03014022988505747;0;87
2023-05;Azure;acct-001;staging;1.534.562;1.220.827;558.908;1.041.078;376.69;476923.14;0.000796774193548387;0.021306451612903225;0.05137096774193549;0;31
2023-05;Azure;acct-002;dev;87.541;660.091;484.279;612.859;1.654.006;193449.1;0.0008652173913043479;0.01150869565217391;0.0808695652173913;0;23
2023-05;Azure;acct-002;prod;12.161.969;928.697;3.589.493;8.042.046;38.091.674.000.000.000;5006935.33;0.0007597938144329897;0.034529896907216494;0.029934020618556705;0;97
2023-05;Azure;acct-002;staging;2.625.017;2.046.856;1.142.713;1.816.075;789.74;661307.39;0.0012523809523809523;0.0794095238095238;0.07024999999999999;0;42
2023-05;Azure;acct-003;dev;655.916;504.479;379.153;472.068;3.096.305;186284.5;0.001618181818181818;0.05076363636363635;0.07209545454545455;0;22
2023-05;Azure;acct-003;prod;1.077.873;8.156.282;308.697;7.122.112;30.385.195;4992298.26;0.0006255102040816327;0.05384081632653061;0.04016020408163266;0;98
2023-05;Azure;acct-003;staging;1.590.881;1.191.455;703.838;10.459.870.000.000.000;2.991.567;460024.42;0.00068;0.0027666666666666642;0.04980333333333334;0;30
2023-05;Azure;acct-004;dev;988.244;776.599;569.454;726.612;261.524;234486.49;0.001110344827586207;0.0744;0.13163793103448276;0;29
2023-05;Azure;acct-004;prod;10.098.127;791.98;2.911.796;6.874.304;26.906.501;4699917.59;0.0005793478260869566;0.03579891304347826;0.009951086956521736;0;92
2023-05;Azure;acct-004;staging;2.392.739;1.831.142;1.013.202;1.602.708;4.370.553;563227.26;0.0007888888888888889;0.018738888888888885;0.05865000000000001;0;36
2023-05;Azure;acct-005;dev;785.825;612.479;456.844;551.346;1.557.701;168313.5;0.0009285714285714286;0.08103809523809524;0.0006523809523809519;0;21
2023-05;Azure;acct-005;prod;8.803.613;6.783.776;2.532.441;5.873.551;29.198.591;3897986.91;0.0007272727272727273;0.05966623376623376;0.0554038961038961;0;77
2023-05;Azure;acct-005;staging;2.866.231;2.174.904;12.402.980.000.000.000;1.893.958;822.155;726022.45;0.0011770833333333332;0.05681666666666666;0.0640125;0;48
2023-05;Azure;acct-006;dev;745.672;606.208;447.806;554.183;319.805;209061.19;0.001572;0.045892;-0.006979999999999995;0;25
2023-05;Azure;acct-006;prod;11.898.229.000.000.000;8.990.344;3.147.081;7.755.195;4.324.889;5278540.84;0.0008442307692307692;0.05287692307692308;0.05100288461538462;0;104
2023-05;Azure;acct-006;staging;26.233.639.999.999.900;2.054.107;1.064.182;1.785.182;5.024.968;661786.21;0.0007813953488372093;0.0003023255813953504;0.060637209302325586;0;43
2023-05;Azure;acct-007;dev;113.611;91.403;700.159;836.112;3.973.964;245233.98;0.0015566666666666667;0.05455666666666667;-0.002176666666666668;0;30
2023-05;Azure;acct-007;prod;9.251.448;710.922;2.334.873;6.099.876;29.593.832;3945102.81;0.0007564102564102564;0.024914102564102564;0.08175897435897436;0;78
2023-05;Azure;acct-007;staging;2.393.231;1.825.688;1.002.535;1.592.199;7.456.263;650405.59;0.001130232558139535;0.0474093023255814;0.029253488372093017;0;43
2023-05;Azure;acct-008;dev;527.871;39.722;295.049;361.144;1.380.401;149048.32;0.0009388888888888888;0.06093333333333333;0.0539388888888889;0;18
2023-05;Azure;acct-008;prod;12.737.996;9.918.171;2.984.882;8.412.128;38.983.919;5508060.29;0.0007121495327102804;0.05128317757009346;0.07247009345794392;0;107
2023-05;Azure;acct-008;staging;258.085;1.967.574;1.049.421;1.704.624;9.343.982;637825.05;0.001444186046511628;0.03566744186046512;0.06819767441860465;0;43
2023-05;Azure;acct-009;dev;543.313;419.055;305.903;393.917;1.606.551;134254.17;0.0011875;-0.010693749999999998;0.0869375;0;16
2023-05;Azure;acct-009;prod;1.135.416;8.775.048;343.341;7.616.833;36.187.497;5159762.11;0.000703030303030303;0.04797373737373737;0.020570707070707073;0;99
2023-05;Azure;acct-009;staging;1.979.795;1.598.273;73.134;1.405.391;4.309.982;470353.28;0.0008903225806451613;0.0780258064516129;-0.020029032258064516;0;31
2023-05;Azure;acct-010;dev;824.653;650.852;491.594;60.192;22.194.369.999.999.900;190102.21;0.0011478260869565216;0.0308;8,70E+07;0;23
2023-05;Azure;acct-010;prod;11.806.698;918.591;3.878.794;8.041.544;49.514.515;4996648.05;0.0010402061855670104;0.06483092783505154;0.03865154639175258;0;97
2023-05;Azure;acct-010;staging;2.207.429;16.670.159.999.999.900;89.351;1.454.807;4.530.141;598730.41;0.0007384615384615384;0.06452307692307692;0.09916666666666667;0;39
2023-05;GCP;acct-001;dev;712.204;546.323;424.481;513.517;1.311.297;182933.7;0.0007130434782608695;0.08758695652173913;0.052943478260869564;0;23
2023-05;GCP;acct-001;prod;10.076.439;7.984.298;3.336.169;699.592;37.807.434.000.000.000;4967874.06;0.0007802083333333333;0.04086979166666666;0.03998541666666667;0;96
2023-05;GCP;acct-001;staging;1.710.419;134.673;710.987;1.192.711;4.469.954;475491.66;0.0009483870967741936;0.059106451612903226;0.08792903225806452;0;31
2023-05;GCP;acct-002;dev;838.347;682.906;504.293;602.284;30.717.060.000.000.000;184456.25;0.0016478260869565219;0.12281304347826087;-0.014065217391304343;0;23
2023-05;GCP;acct-002;prod;10.516.938;8.218.432;2.568.788;7.070.326;32.517.429;4734437.32;0.000678494623655914;0.03753978494623656;0.05595483870967742;0;93
2023-05;GCP;acct-002;staging;1.247.766;1.006.828;563.412;853.826;4.893.412;403047.15;0.0012384615384615385;0.0740346153846154;0.018630769230769232;0;26
2023-05;GCP;acct-003;dev;7.026.089.999.999.990;537.806;415.937;498.626;2.642.472;122848.65;0.0023266666666666666;-0.011826666666666662;0.12448;0;15
2023-05;GCP;acct-003;prod;10.645.317;8.175.327;2.854.364;7.008.693;38.087.483;4854970.75;0.0007872340425531915;0.0673563829787234;0.10269255319148936;0;94
2023-05;GCP;acct-003;staging;2.306.849;17.612.199.999.999.900;990.566;15.512.199.999.999.900;9.921.974;667455.15;0.0014795454545454543;0.00869090909090909;0.00927045454545455;0;44
2023-05;GCP;acct-004;dev;841.653;62.73;459.046;56.504.599.999.999.900;1.626.729;230105.9;0.0007142857142857143;0.10747142857142856;0.044139285714285714;0;28
2023-05;GCP;acct-004;prod;9.779.834;7.483.437;3.051.355;6.547.914;44.848.008;4424075.5;0.0010166666666666668;0.04054523809523809;0.06094761904761905;0;84
2023-05;GCP;acct-004;staging;2.328.929;18.066.910.000.000.000;968.351;1.575.402;6.592.138;626604.94;0.0010804878048780487;0.05921463414634146;0.008878048780487806;0;41
2023-05;GCP;acct-005;dev;624.594;501.939;38.097.500.000.000.000;472.861;1.463.042;166272.98;0.0009095238095238095;0.09141428571428571;0.10421428571428573;0;21
2023-05;GCP;acct-005;prod;11.340.994;9.035.591.000.000.000;3.644.227;787.41;36.844.878;5063143.47;0.0007391752577319587;0.027303092783505154;0.03892061855670103;0;97
2023-05;GCP;acct-005;staging;2.189.586;168.653;1.093.868;1.522.703;11.174.724;584198.58;0.0019368421052631578;0.03179736842105264;-0.0038999999999999955;0;38
2023-05;GCP;acct-006;dev;733.742;561.785;412.733;508.364;311.192;171397.24;0.0018142857142857145;0.08584285714285714;0.08751904761904762;0;21
2023-05;GCP;acct-006;prod;9.545.809;7.029.645;2.573.153;6.025.988;27.115.263;4324300.7;0.0006341176470588235;0.0420764705882353;0.027111764705882353;0;85
2023-05;GCP;acct-006;staging;1.740.685;1.311.164;7.556.400.000.000.000;1.184.911;49.729.630.000.000.000;562564.51;0.0008888888888888889;0.0750888888888889;0.024044444444444448;0;36
2023-05;GCP;acct-007;dev;1.078.126;811.108;583.221;728.192;2.240.207;229906.05;0.0009785714285714287;0.070675;-0.01495357142857143;0;28
2023-05;GCP;acct-007;prod;9.945.541;7.734.303;2.796.942;6.648.201;26.214.134;4534959.19;0.0005724137931034483;0.040827586206896554;-0.03604827586206897;0;87
2023-05;GCP;acct-007;staging;1.962.977;1.547.559;94.874;1.361.842;6.829.723;472775.67;0.0014838709677419354;0.0693;0.05593225806451612;0;31
2023-05;GCP;acct-008;dev;540.483;39.217;306.336;37.192;9.101.570.000.000.000;166518.51;0.000545;0.028229999999999998;0.07973;0;20
2023-05;GCP;acct-008;prod;9.461.335;7.259.072;2.602.054;6.264.767;38.649.626;4239301.42;0.0008976190476190476;0.05730595238095238;0.02867380952380953;0;84
2023-05;GCP;acct-008;staging;2.043.579;1.567.834;798.648;1.369.035;5.346.985;590605.58;0.0009256410256410256;0.06864358974358974;0.03842051282051282;0;39
2023-05;GCP;acct-009;dev;590.879;457.808;364.963;42.225.300.000.000.000;1.831.149;144801.4;0.0013222222222222222;0.07995000000000001;0.14289444444444444;0;18
2023-05;GCP;acct-009;prod;11.714.946;9.183.517;3.322.049;7.910.342;36.921.579;5483313.36;0.0006738317757009345;0.04431401869158878;0.0666588785046729;0;107
2023-05;GCP;acct-009;staging;2.722.542;2.019.457;1.067.249;1.737.128;1.118.093;677340.92;0.0016177777777777779;0.033688888888888886;0.05861333333333333;0;45
2023-05;GCP;acct-010;dev;737.722;566.505;439.091;53.412;1.561.787;188410.68;0.000808695652173913;0.03234347826086957;0.015121739130434783;0;23
2023-05;GCP;acct-010;prod;10.814.816;8.237.283;3.074.214;7.106.174;36.167.786;5125091.0;0.0006980392156862745;0.03542941176470588;0.07340686274509804;0;102
2023-05;GCP;acct-010;staging;200.735;1.512.004;776.574;1.347.248;5.385.182;617972.86;0.000865;0.0461175;-0.005287500000000003;0;40
2023-06;AWS;acct-001;dev;1.339.509;1.043.438;787.839;968.856;326.671;272945.91;0.001211764705882353;0.011708823529411763;0.0618764705882353;0;34
2023-06;AWS;acct-001;prod;12.027.832;9.299.442;3.317.248;8.008.827;29.690.737;4362059.6;0.0006811764705882353;0.047596470588235296;0.07435058823529411;0;85
2023-06;AWS;acct-001;staging;3.533.067;2.640.057;1.492.922;2.349.264;8.779.576;719772.29;0.0012;0.06961276595744681;0.12359787234042553;0;47
2023-06;AWS;acct-002;dev;1.436.137;1.117.488;818.335;10.206.060.000.000.000;3.962.627;228868.99;0.0016964285714285714;-0.00011071428571428492;0.012478571428571433;0;28
2023-06;AWS;acct-002;prod;1.079.598;8.159.695;2.608.735;6.954.445;3706.98;3917415.61;0.0009789473684210525;0.08371973684210526;0.09201447368421052;0;76
2023-06;AWS;acct-002;staging;2.601.135;2.037.437;11.389.840.000.000.000;1.817.144;11.129.235;566114.59;0.0018135135135135137;0.023162162162162162;-0.04297027027027027;0;37
2023-06;AWS;acct-003;dev;1.324.031;1.041.876;767.666;964.077;5.568.951.999.999.990;237957.77;0.002193333333333333;0.041286666666666666;0.12697333333333333;0;30
2023-06;AWS;acct-003;prod;14.142.371;10.615.661;4.318.755;9.275.628;46.555.107;4699673.25;0.0010108695652173913;0.03857826086956522;0.032767391304347825;0;92
2023-06;AWS;acct-003;staging;2.185.175;17.196.030.000.000.000;963.039;1.535.965;5.757.035;543048.38;0.0010833333333333333;0.07731388888888889;0.055955555555555564;0;36
2023-06;AWS;acct-004;dev;1.222.973;987.548;735.221;899.412;2.813.182;236803.83;0.0012241379310344827;0.022920689655172414;0.10996551724137932;0;29
2023-06;AWS;acct-004;prod;10.170.587;7.932.363;2.611.221;6.807.526;34.954.852;3838559.46;0.0009162162162162162;0.06397567567567566;0.05796486486486486;0;74
2023-06;AWS;acct-004;staging;2.888.322;2.308.719;1.395.918;2.069.288;9.460.287.000.000.000;572103.92;0.0016894736842105265;0.03473421052631579;0.11747631578947369;0;38
2023-06;AWS;acct-005;dev;406.315;322.004;254.264;295.666;7.885.759.999.999.990;110228.99;0.0007153846153846153;-0.022784615384615386;0.04881538461538462;0;13
2023-06;AWS;acct-005;prod;15.122.037;12.044.154;3.378.406;10.240.433;42.049.156;4833401.6;0.0008926315789473684;0.032785263157894734;0.04171578947368421;0;95
2023-06;AWS;acct-005;staging;256.291;1.991.319;975.065;1.716.044;7.246.718;524147.17;0.0014294117647058824;0.03317058823529412;0.03292352941176471;0;34
2023-06;AWS;acct-006;dev;896.505;704.417;50.308.099.999.999.900;653.887;3.636.524;16.534.138.999.999.900;0.002105;0.11933500000000001;0.076725;0;20
2023-06;AWS;acct-006;prod;13.034.056;10.367.222;3.658.468;8.923.313;48.651.942;5010237.63;0.0009729166666666666;0.05538958333333333;0.021351041666666667;0;96
2023-06;AWS;acct-006;staging;2.453.171;190.943;1.155.726;1.723.063;9.226.666;563019.23;0.0015783783783783784;0.026999999999999996;0.053164864864864866;0;37
2023-06;AWS;acct-007;dev;620.159;487.612;362.774;459.366;10.326.650.000.000.000;128844.0;0.00081875;0.06005625;0.113425;0;16
2023-06;AWS;acct-007;prod;14.697.684;11.428.826;403.3;9.852.617;54.412.827;5052939.83;0.0011161616161616161;0.07034343434343435;0.1047959595959596;0;99
2023-06;AWS;acct-007;staging;2.434.474;1.837.685;1.012.175;1.621.652;6.278.581;553261.48;0.0011805555555555554;0.03855555555555556;0.08653055555555556;0;36
2023-06;AWS;acct-008;dev;963.887;729.442;536.575;65.038;1.884.367;168709.24;0.0010999999999999998;0.020939999999999993;-0.0033450000000000034;0;20
2023-06;AWS;acct-008;prod;11.965.149.999.999.900;940.675;3.843.659;8.183.652.999.999.990;29.272.892;4560985.89;0.0006292134831460674;0.04962022471910112;0.06193258426966293;0;89
2023-06;AWS;acct-008;staging;3.063.625;23.353.209.999.999.900;122.487;2.038.311;8.069.688;700793.88;0.0011456521739130435;0.06295652173913044;0.11610652173913043;0;46
2023-06;AWS;acct-009;dev;1.414.802;107.477;829.657;995.863;5.971.152;243161.09;0.0024172413793103445;0.06947931034482759;0.03568620689655172;0;29
2023-06;AWS;acct-009;prod;13.013.626;9.923.877;3.748.224;8.573.531;40.628.028;4680624.75;0.0008516483516483516;0.054857142857142854;0.021992307692307693;0;91
2023-06;AWS;acct-009;staging;117.877;952.376;481.102;852.748;4.050.241;301588.35;0.0014;0.065125;0.131385;0;20
2023-06;AWS;acct-010;dev;589.847;469.341;363.404;435.917;1.751.042;147809.53;0.0011944444444444444;0.05301666666666667;0.07468333333333334;0;18
2023-06;AWS;acct-010;prod;11.901.397;9.165.577;3.161.275;7.896.298;37.417.044;4413016.35;0.0008643678160919541;0.0683735632183908;0.018642528735632186;0;87
2023-06;AWS;acct-010;staging;3.004.021;2.257.448;121.263;2.004.574;912.429;617216.18;0.0015153846153846153;0.03204102564102564;-0.02646923076923077;0;39
2023-06;Azure;acct-001;dev;9.587.010.000.000.000;704.226;502.766;618.192;2.885.421;142744.46;0.002011111111111111;0.02631666666666667;0.11740555555555557;0;18
2023-06;Azure;acct-001;prod;10.648.205;845.787;3.069.326;7.238.233;45.245.783;4168713.07;0.0011049999999999999;0.0537975;0.03031875;0;80
2023-06;Azure;acct-001;staging;2.694.979;2.011.753;1.114.757;1.777.643;7.406.861;676886.87;0.0010818181818181818;0.08658181818181819;-0.0044159090909090875;0;44
2023-06;Azure;acct-002;dev;1.053.586;830.863;59.964.600.000.000.000;77.188;5.850.881.999.999.990;165460.02;0.00346;0.04592;0.09323000000000001;0;20
2023-06;Azure;acct-002;prod;12.017.926;9.267.041;3.444.823;8.022.347;35.380.148;4782246.19;0.0007373626373626373;0.04550549450549451;0.013653846153846155;0;91
2023-06;Azure;acct-002;staging;2.998.588;2.387.563;1.429.553;2.115.699;9.422.931;723598.77;0.0012808510638297873;0.040914893617021275;0.08762340425531916;0;47
2023-06;Azure;acct-003;dev;812.251;630.006;45.434;590.162;2.289.399;184686.91;0.00125;0.08545909090909092;0.08151363636363637;0;22
2023-06;Azure;acct-003;prod;12.576.267;9.640.956;31.745.640.000.000.000;8.200.346;33.494.426;4728056.91;0.0007153846153846155;0.0349010989010989;0.028615384615384615;0;91
2023-06;Azure;acct-003;staging;2.223.897;16.499.269.999.999.900;96.817;1.498.495;6.911.922;450229.48;0.001603448275862069;0.023813793103448274;0.05825862068965517;0;29
2023-06;Azure;acct-004;dev;908.283;670.735;48.537;622.695;253.004;202106.27;0.001196;0.09109199999999999;0.019624;0;25
2023-06;Azure;acct-004;prod;12.170.903;9.430.676;3.214.184;8.113.828;3.433.553;4875251.22;0.0007115789473684209;0.05316105263157895;-0.0075505263157894745;0;95
2023-06;Azure;acct-004;staging;2.669.684;2.100.614;1.298.399;19.052.439.999.999.900;6.765.853;586912.21;0.0011605263157894736;0.09153947368421052;0.011631578947368425;0;38
2023-06;Azure;acct-005;dev;7.420.570.000.000.000;561.694;429.792;51.534;3.772.677;123085.53;0.0033;0.11389999999999999;0.0008533333333333328;0;15
2023-06;Azure;acct-005;prod;1.114.679;8.862.301;32.873.789.999.999.900;7.632.153;42.088.393;4532356.04;0.0009465909090909091;0.05982954545454545;0.04993636363636364;0;88
2023-06;Azure;acct-005;staging;21.946.200.000.000.000;1.764.642;89.66;1.549.015;6.203.318;547407.18;0.0011277777777777777;0.04354444444444444;0.008986111111111118;0;36
2023-06;Azure;acct-006;dev;821.562;614.464;457.338;563.458;1.773.561;17.516.758.000.000.000;0.0009761904761904761;0.056509523809523815;0.015338095238095241;0;21
2023-06;Azure;acct-006;prod;13.844.088;10.755.121;367.915;9.332.695;37.672.027;4690546.47;0.000812087912087912;0.0685021978021978;0.023517582417582415;0;91
2023-06;Azure;acct-006;staging;2.819.547;20.946.009.999.999.900;10.564.959.999.999.900;181.231;13.809.924.999.999.900;600838.38;0.0023435897435897437;0.057548717948717944;0.07744615384615385;0;39
2023-06;Azure;acct-007;dev;8.396.470.000.000.000;612.828;489.206;559.026;1.808.334;179088.54;0.0010863636363636362;0.1323090909090909;0.13335;0;22
2023-06;Azure;acct-007;prod;11.187.047;8.566.445;2.720.462;7.326.096;36.987.417;4081936.51;0.000895;0.015837499999999997;0.0651075;0;80
2023-06;Azure;acct-007;staging;239.917;183.937;998.695;1.624.346;7.482.466;530442.04;0.0014916666666666665;0.0765;0.09876944444444444;0;36
2023-06;Azure;acct-008;dev;872.848;676.687;514.166;617.898;3.915.329;204610.47;0.001948;0.024131999999999997;0.065892;0;25
2023-06;Azure;acct-008;prod;11.972.655;9.205.894.000.000.000;3.825.848;8.018.747;37.356.063.999.999.900;4310434.05;0.0008488095238095238;0.022846428571428573;0.057171428571428574;0;84
2023-06;Azure;acct-008;staging;179.242;1.360.573;809.186;11.952.199.999.999.900;7.338.722;420060.03;0.001837037037037037;0.07383703703703703;0.0765;0;27
2023-06;Azure;acct-009;dev;1.244.743;984.355;745.518;929.482;35.431.329.999.999.900;272643.97;0.0012848484848484848;0.03126363636363637;0.032760606060606066;0;33
2023-06;Azure;acct-009;prod;11.254.641;8.594.122;3.485.738;7.439.513;35.956.769.999.999.900;4186481.04;0.0008475609756097562;0.06438658536585366;0.05763414634146342;0;82
2023-06;Azure;acct-009;staging;21.475.130.000.000.000;1.666.654;904.961;1.457.867;5.154.025;581138.95;0.0008789473684210526;0.05291315789473684;0.053015789473684204;0;38
2023-06;Azure;acct-010;dev;680.468;568.317;418.185;513.019;2.547.418;155383.5;0.0015842105263157895;0.07296842105263159;0.08982105263157894;0;19
2023-06;Azure;acct-010;prod;13.026.336;10.099.345.999.999.900;34.800.939.999.999.900;8.744.367;40.813.337;5062673.9;0.0008131313131313131;0.06213838383838384;0.04722323232323232;0;99
2023-06;Azure;acct-010;staging;2.432.913;1.909.929;1.095.595;1.638.664;7.609.941;565697.26;0.0013750000000000001;0.0729888888888889;0.0763;0;36
2023-06;GCP;acct-001;dev;1.089.033;821.378;60.707;762.054;2.663.572;227146.79;0.0012074074074074075;-0.005688888888888887;0.038;0;27
2023-06;GCP;acct-001;prod;9.821.423;7.685.115;2.857.451;6.637.576;24.634.453;4466258.4;0.0005588235294117647;0.08504588235294117;0.05589411764705883;0;85
2023-06;GCP;acct-001;staging;1.885.171;1.489.487;829.073;130.58;513.766;449818.81;0.0010866666666666666;0.029026666666666666;0.016679999999999997;0;30
2023-06;GCP;acct-002;dev;607.412;467.829;333.518;422.766;841.536;148415.39;0.0005722222222222222;0.055833333333333325;0.054688888888888884;0;18
2023-06;GCP;acct-002;prod;11.733.034;8.998.759;3.034.194;777.968;34.267.044;4772928.55;0.0007193548387096774;0.04188494623655914;0.030938709677419355;0;93
2023-06;GCP;acct-002;staging;2.593.148;2.037.249;110.277;1.814.658;7.230.985;616746.77;0.0011725;0.0363;0.005600000000000001;0;40
2023-06;GCP;acct-003;dev;866.878;687.366;525.698;636.838;3.700.221;207660.26;0.0018538461538461538;0.0021807692307692296;0.0030153846153846142;0;26
2023-06;GCP;acct-003;prod;10.659.841.000.000.000;8.420.774;2.775.374;7.235.552;29.892.073;4223155.26;0.0006951807228915663;0.03029277108433735;0.06736506024096385;0;83
2023-06;GCP;acct-003;staging;2.697.065;21.536.169.999.999.900;1.092.636;187.92;8.456.433;641960.6;0.0013073170731707317;0.07005853658536584;0.06385365853658537;0;41
2023-06;GCP;acct-004;dev;826.321;622.192;47.688.900.000.000.000;58.002.700.000.000.000;2.925.225;184917.76;0.001552173913043478;0.04392608695652174;-0.007956521739130432;0;23
2023-06;GCP;acct-004;prod;12.584.598;9.553.223;3.451.599;8.343.331;50.028.382;4909830.57;0.0010326315789473683;0.08161578947368421;0.050719999999999994;0;95
2023-06;GCP;acct-004;staging;2.209.659;17.757.920.000.000.000;934.003;1.503.762;5.720.368;511112.81;0.0011333333333333334;0.03601212121212121;0.07911515151515151;0;33
2023-06;GCP;acct-005;dev;1.022.541;817.953;609.179;76.778;2.484.596;240477.38;0.00105;0.03364;0.012816666666666667;0;30
2023-06;GCP;acct-005;prod;13.581.153;10.474.202;3.873.334;8.992.028;39.574.307;5429785.82;0.000730188679245283;0.07645188679245282;0.05673490566037735;0;106
2023-06;GCP;acct-005;staging;2.095.328;158.327;8.961.880.000.000.000;1.379.382;9.547.269;508560.82;0.0018757575757575758;0.04534242424242424;0.07309696969696969;0;33
2023-06;GCP;acct-006;dev;927.071;706.678;51.601;6.472.710.000.000.000;3.398.804;190700.4;0.0017541666666666667;0.0541625;0.12582083333333333;0;24
2023-06;GCP;acct-006;prod;1.185.167;9.286.203;3.923.798;8.186.843;35.743.684.000.000.000;4638794.28;0.0007999999999999999;0.03814666666666666;0.04882444444444444;0;90
2023-06;GCP;acct-006;staging;1.911.404;146.225;811.563;12.696.690.000.000.000;5.145.041;501706.04;0.001034375;0.0392875;0.07358437500000001;0;32
2023-06;GCP;acct-007;dev;1.031.182;763.292;573.628;677.347;3.410.642;177420.93;0.0020136363636363637;0.07535454545454545;-0.07563181818181819;0;22
2023-06;GCP;acct-007;prod;1.272.729;9.810.805;3.451.915;8.395.156;31.489.491;5086769.62;0.0006262626262626262;0.023965656565656565;0.03881515151515152;0;99
2023-06;GCP;acct-007;staging;2.639.334;2.109.346;1.194.533;19.051.069.999.999.900;9.581.553;608788.85;0.0015175000000000002;0.041249999999999995;0.0019025000000000008;0;40
2023-06;GCP;acct-008;dev;7.957.469.999.999.990;598.688;460.775;563.033;2.708.251;162720.96;0.00172;0.020560000000000002;0.10263;0;20
2023-06;GCP;acct-008;prod;10.622.461;8.212.968;2.858.693;7.031.036;41.709.775;4672433.54;0.0008922222222222222;0.06451444444444444;0.052366666666666666;0;90
2023-06;GCP;acct-008;staging;3.524.286;277.438;1.608.511;2.413.411;9.364.737;754557.9;0.0012612244897959185;-0.023624489795918368;0.008744897959183673;0;49
2023-06;GCP;acct-009;dev;653.049;50.531;384.602;473.072;1.057.635;151012.61;0.0007105263157894736;0.037063157894736846;0.05317368421052632;0;19
2023-06;GCP;acct-009;prod;12.785.978;9.559.983;3.414.944;8.254.189;37.947.462;4779375.18;0.0007840425531914893;0.039985106382978725;0.008982978723404254;0;94
2023-06;GCP;acct-009;staging;2.731.653;2.134.646;116.888;1.880.896;7.835.903;670412.24;0.0011454545454545454;0.08460681818181819;0.11248409090909091;0;44
2023-06;GCP;acct-010;dev;10.489.699.999.999.900;822.521;621.053;765.831;6.053.658;202260.05;0.003024;0.108052;0.060156;0;25
2023-06;GCP;acct-010;prod;12.967.938;9.765.457;3.709.903;8.445.283;37.730.474;4928954.07;0.0007625;0.057672916666666664;0.054745833333333334;0;96
2023-06;GCP;acct-010;staging;2.477.132;1.949.861;103.991;1.695.038;9.231.208;47.140.627.999.999.900;0.0019451612903225806;0.04706451612903226;0.030406451612903222;0;31
2023-07;AWS;acct-001;dev;910.728;70.718;510.615;647.145;1.973.539;179518.03;0.0010954545454545455;0.08186363636363637;0.03849545454545455;0;22
2023-07;AWS;acct-001;prod;11.928.157;9.036.055;3.023.154;7.693.313;32.105.999;4376746.49;0.0007211764705882353;0.047296470588235294;0.05049647058823529;0;85
2023-07;AWS;acct-001;staging;2.775.176;21.242.000.000.000.000;1.053.479;1.783.659;9.126.556;560148.85;0.0017333333333333333;0.028699999999999996;0.060738888888888884;0;36
2023-07;AWS;acct-002;dev;11.303.190.000.000.000;8.958.970.000.000.000;695.155;838.637;1.968.512;227896.73;0.0008642857142857142;-0.0050750000000000005;0.061010714285714286;0;28
2023-07;AWS;acct-002;prod;10.317.863;8.008.103;3.186.161;6.992.071;27.405.861.999.999.900;3925648.99;0.0006907894736842105;0.05524210526315789;0.10859736842105265;0;76
2023-07;AWS;acct-002;staging;2.850.342;2.217.078;1.285.156;1.972.294;13.865.244;697760.52;0.0020909090909090908;0.057343181818181814;0.12474090909090908;0;44
2023-07;AWS;acct-003;dev;1.277.902;971.477;699.148;869.895;3.148.621;240007.01;0.001324137931034483;0.03288620689655172;0.023620689655172417;0;29
2023-07;AWS;acct-003;prod;13.492.311;10.298.365;3.576.835;8.899.469;45.630.136;4625313.8;0.0009538461538461539;0.0447989010989011;0.030805494505494507;0;91
2023-07;AWS;acct-003;staging;2.203.972;1.736.826;994.958;1.542.839;6.563.099;517225.67;0.0012303030303030301;0.05731818181818182;0.011869696969696971;0;33
2023-07;AWS;acct-004;dev;1.086.187;859.104;60.616.299.999.999.900;775.992;37.444.190.000.000.000;219233.3;0.0016777777777777778;0.012359259259259259;0.05145185185185185;0;27
2023-07;AWS;acct-004;prod;12.640.458;9.580.224;3.357.241;8.248.858;45.622.895;4505243.4;0.0010321839080459768;0.09118505747126437;0.026345977011494253;0;87
2023-07;AWS;acct-004;staging;181.654;1.486.559;658.439;1.252.245;6.282.085;414336.68;0.0015333333333333334;0.03821481481481482;-0.0010444444444444461;0;27
2023-07;AWS;acct-005;dev;775.429;589.846;43.428;551.673;274.236;172237.58;0.0016095238095238094;0.1009;0.10964285714285715;0;21
2023-07;AWS;acct-005;prod;12.249.171.000.000.000;9.375.951;3.183.745;7.953.049;37.388.585.000.000.000;4441429.25;0.0008482758620689656;0.02905977011494253;0.0343551724137931;0;87
2023-07;AWS;acct-005;staging;2.574.842;1.977.001;1.101.376;1.756.657;7.799.624;465334.19;0.0017000000000000001;0.07697333333333332;0.04993333333333334;0;30
2023-07;AWS;acct-006;dev;1.140.016;897.319;641.388;836.992;2.955.063;21.737.041.999.999.900;0.0013653846153846155;0.03065769230769231;0.03545;0;26
2023-07;AWS;acct-006;prod;14.086.375;11.002.041;375.997;9.404.994;40.662.462;4787740.11;0.0008578947368421053;0.04201263157894737;0.12291157894736843;0;95
2023-07;AWS;acct-006;staging;2.243.145;1.762.799;992.518;1.509.457;7.137.703;470317.38;0.00157;0.032709999999999996;0.13806333333333332;0;30
2023-07;AWS;acct-007;dev;1.179.385;938.425;733.783;868.431;4.163.279;239277.02;0.001706896551724138;-0.006058620689655172;0.0590551724137931;0;29
2023-07;AWS;acct-007;prod;13.413.305;10.598.676;3.546.802;9.045.313;46.619.928;5130974.73;0.000904;0.075332;0.033043;0;100
2023-07;AWS;acct-007;staging;3.019.949;23.291.649.999.999.900;1.122.901;2.026.816;6.949.798;676198.39;0.0010704545454545454;0.10907272727272727;0.08650227272727272;0;44
2023-07;AWS;acct-008;dev;889.135;67.839;476.783;614.976;1.929.771;185070.01;0.0010136363636363637;0.04389090909090909;0.022286363636363635;0;22
2023-07;AWS;acct-008;prod;15.401.304;11.705.871;397.272;10.013.486;45.587.339;5261482.11;0.0008990196078431373;0.0435656862745098;0.037419607843137255;0;102
2023-07;AWS;acct-008;staging;3.186.571;2.422.353;141.451;2.141.625;11.935.142;713183.61;0.0017021739130434782;0.05449347826086957;0.05297391304347827;0;46
2023-07;AWS;acct-009;dev;86.093;634.228;489.349;604.659;2.698.476;195587.82;0.0014333333333333333;0.08124166666666667;0.08875;0;24
2023-07;AWS;acct-009;prod;12.539.752;9.710.241;3.492.938;8.366.978;45.178.062;5113264.16;0.000860204081632653;0.04512755102040816;0.08562755102040817;0;98
2023-07;AWS;acct-009;staging;25.240.120.000.000.000;19.729.760.000.000.000;1.196.343;1.781.864;12.883.115;583118.94;0.0022567567567567566;0.06224594594594595;0.11484864864864863;0;37
2023-07;AWS;acct-010;dev;8.389.269.999.999.990;623.931;481.851;59.769.400.000.000.000;3.040.469;188044.78;0.001673913043478261;0.05210869565217391;-0.0518391304347826;0;23
2023-07;AWS;acct-010;prod;1.237.002;9.860.569;3.710.088;8.482.827;36.886.872;4690141.59;0.000791304347826087;0.000891304347826086;0.060336956521739135;0;92
2023-07;AWS;acct-010;staging;3.082.427;2.446.642;1.398.922;2.141.222;8.329.537;602906.7;0.0013794871794871794;0.045017948717948716;0.02731538461538462;0;39
2023-07;Azure;acct-001;dev;983.417;765.274;541.539;702.112;41.186.990.000.000.000;195504.39;0.002104166666666667;0.044962499999999996;0.028979166666666657;0;24
2023-07;Azure;acct-001;prod;13.094.455;9.788.118;3.472.579;8.474.474;44.484.171;52.986.087.299.999.900;0.0008413461538461538;0.03285384615384615;0.06958557692307693;0;104
2023-07;Azure;acct-001;staging;2.384.594;1.890.889;991.231;1.659.266;7.051.411;629020.54;0.0010976190476190476;0.028392857142857147;0.041999999999999996;0;42
2023-07;Azure;acct-002;dev;1.071.243;8.657.939.999.999.990;619.995;795.896;2.737.327;195298.23;0.0014666666666666665;0.0834625;0.16992083333333333;0;24
2023-07;Azure;acct-002;prod;12.641.588;10.000.212;3.846.581;8.630.612;51.687.533;5007580.41;0.0010323232323232324;0.06012323232323233;0.049985858585858585;0;99
2023-07;Azure;acct-002;staging;2.132.523;1.648.333;833.592;1.445.315;6.595.475;543925.34;0.001236111111111111;0.049077777777777776;0.07307777777777777;0;36
2023-07;Azure;acct-003;dev;1.169.678;942.021;699.567;853.665;3.034.874;230693.09;0.0013035714285714285;0.10916428571428571;0.02123571428571428;0;28
2023-07;Azure;acct-003;prod;10.130.885.000.000.000;8.052.289;2.911.563;6.972.387;29.758.161;4084217.35;0.00071125;0.033257499999999995;0.058094999999999994;0;80
2023-07;Azure;acct-003;staging;2.659.612;2.059.572;1.046.195;1.795.265;10.331.018;531366.59;0.0020088235294117647;0.07565588235294118;0.06218235294117648;0;34
2023-07;Azure;acct-004;dev;871.505;6.556.739.999.999.990;444.395;600.398;311.874;197905.37;0.0015166666666666668;0.04762916666666667;-0.005854166666666673;0;24
2023-07;Azure;acct-004;prod;1.321.336;10.135.063;3.433.979;8.614.387;41.592.258;4945082.18;0.0008525773195876288;0.07762680412371134;0.08079381443298969;0;97
2023-07;Azure;acct-004;staging;2.585.217;1.998.181;1.094.034;1.791.122;10.505.364;575641.8;0.001786111111111111;0.039025000000000004;0.07596388888888889;0;36
2023-07;Azure;acct-005;dev;1.029.341;775.739;547.908;706.515;3.150.503;200790.9;0.001596;0.0696;-0.018096;0;25
2023-07;Azure;acct-005;prod;10.447.134;7.909.768;2.960.745;685.211;36.385.102;4903013.36;0.0007747368421052632;0.06423052631578947;0.04680736842105263;0;95
2023-07;Azure;acct-005;staging;2.838.333;2.121.832;1.052.741;183.908;6.306.453;7.539.065.599.999.990;0.0008408163265306122;0.08160612244897959;0.03288367346938775;0;49
2023-07;Azure;acct-006;dev;1.327.559;10.003.699.999.999.900;761.249;926.775;40.793.129.999.999.900;316857.35;0.0012631578947368421;0.08164210526315789;-0.017205263157894734;0;38
2023-07;Azure;acct-006;prod;999.708;7.819.588;310.846;6.824.623;22.967.797;3934689.23;0.0005886075949367088;0.07022151898734177;0.028498734177215195;0;79
2023-07;Azure;acct-006;staging;2.855.113;2.100.741;11.360.849.999.999.900;1.877.899;12.652.126;588432.16;0.002212820512820513;0.0335974358974359;0.044094871794871794;0;39
2023-07;Azure;acct-007;dev;888.243;687.951;52.420.500.000.000.000;626.499;4.543.357;167761.55;0.00261;0.018889999999999997;0.05835;0;20
2023-07;Azure;acct-007;prod;12.926.885;9.839.946;397.429;8.591.744;40.268.429;4994462.1;0.0008112244897959184;0.07600918367346939;0.07386632653061224;0;98
2023-07;Azure;acct-007;staging;2.194.015;176.39;840.858;154.521;9.845.142;549114.84;0.0019194444444444448;0.07207222222222222;0.006019444444444443;0;36
2023-07;Azure;acct-008;dev;937.386;755.161;560.203;692.577;4.540.949;180729.23;0.002390909090909091;0.04761818181818182;0.04519090909090909;0;22
2023-07;Azure;acct-008;prod;13.290.009;10.431.384;4.358.701;9.146.386;40.573.062;4907326.84;0.0008270833333333333;0.06547499999999999;0.056996875;0;96
2023-07;Azure;acct-008;staging;2.242.497;1.821.947;1.034.544;1.652.147;5.146.202;576326.46;0.000918421052631579;0.013007894736842104;0.028573684210526324;0;38
2023-07;Azure;acct-009;dev;1.291.638;1.037.574;79.822;959.159;2.789.889;245686.37;0.00116;0.07618333333333333;0.05488;0;30
2023-07;Azure;acct-009;prod;11.971.245;9.406.511;3.675.433;8.157.057;33.869.111;4505690.75;0.0007611111111111112;0.047647777777777775;0.03705888888888889;0;90
2023-07;Azure;acct-009;staging;1.863.196;1.429.541;763.605;1.259.688;6.193.439;477810.86;0.0013193548387096775;0.04269677419354839;0.06329354838709678;0;31
2023-07;Azure;acct-010;dev;785.176;61.376.200.000.000.000;455.375;567.102;4.794.904;151280.63;0.0031388888888888885;0.04696111111111111;0.061594444444444445;0;18
2023-07;Azure;acct-010;prod;14.738.542;11.577.937;4.034.713;9.945.138.000.000.000;38.170.019;5326094.59;0.0007259615384615384;0.05308846153846154;0.012191346153846153;0;104
2023-07;Azure;acct-010;staging;2.116.229;1.627.647;790.077;1.373.436;8.474.972;514106.53;0.0016352941176470588;0.05386176470588236;0.08865882352941178;0;34
2023-07;GCP;acct-001;dev;952.876;77.199;57.690.200.000.000.000;707.791;422.371;180655.31;0.002390909090909091;0.041327272727272726;0.014036363636363637;0;22
2023-07;GCP;acct-001;prod;9.173.992.000.000.000;7.145.754;25.469.480.000.000.000;6.161.631;25.191.553;4079404.39;0.00063;0.031325000000000006;0.0585425;0;80
2023-07;GCP;acct-001;staging;3.257.694;2.564.187;1.244.378;2.238.838;9.132.851;745236.83;0.001196;0.08451399999999999;0.075668;0;50
2023-07;GCP;acct-002;dev;688.386;547.318;414.595;518.774;3.060.564;15.828.261.000.000.000;0.00196;0.06454;0.123045;0;20
2023-07;GCP;acct-002;prod;1.323.853;10.275.387;3.132.005;8.739.163;39.266.016;5010391.3;0.00078989898989899;0.053288888888888886;0.07563030303030303;0;99
2023-07;GCP;acct-002;staging;2.067.391;1.555.647;765.387;1.378.281;4.387.354;590418.08;0.0007564102564102564;0.08767179487179487;0.05035641025641026;0;39
2023-07;GCP;acct-003;dev;746.975;559.212;43.329;523.706;1.196.651;185106.24;0.0006363636363636364;-0.02405454545454545;0.01678636363636364;0;22
2023-07;GCP;acct-003;prod;14.392.526;11.279.468;4.549.328;9.857.845;5.040.908;5415620.74;0.0009283018867924528;0.07118962264150944;0.0524877358490566;0;106
2023-07;GCP;acct-003;staging;2.851.272;2.214.869;1.084.653;1.925.181;9.506.370.000.000.000;635563.84;0.0015142857142857143;0.03891666666666667;0.046259523809523806;0;42
2023-07;GCP;acct-004;dev;743.789;589.333;452.412;550.304;1.810.625;171437.59;0.0010809523809523808;0.07810476190476191;0.0745095238095238;0;21
2023-07;GCP;acct-004;prod;12.591.643;9.710.347;3.108.073;8.261.253;39.041.752;5557663.95;0.0007293577981651376;0.027009174311926606;0.07124311926605505;0;109
2023-07;GCP;acct-004;staging;2.303.833;1.773.477;883.034;1.528.985;7.924.347;550757.74;0.0014324324324324323;0.02896486486486486;0.045778378378378386;0;37
2023-07;GCP;acct-005;dev;10.357.379.999.999.900;781.591;585.531;710.178;3.090.585;181176.22;0.0017090909090909092;0.048100000000000004;0.0010136363636363656;0;22
2023-07;GCP;acct-005;prod;10.359.689;781.628;2.817.489;6.713.567;2.948.301;4680718.09;0.0006472527472527473;0.021106593406593408;0.08251208791208792;0;91
2023-07;GCP;acct-005;staging;2.956.952;2.312.841;1.226.615;20.214.770.000.000.000;11.165.559;696432.75;0.0016155555555555556;0.039891111111111106;0.04076222222222222;0;45
2023-07;GCP;acct-006;dev;876.516;713.461;537.767;676.624;2.644.479;194460.06;0.0013416666666666666;0.17766250000000003;0.1646125;0;24
2023-07;GCP;acct-006;prod;12.110.937;9.555.443;3.332.763;8.212.512;45.704.977;4698324.5;0.000989247311827957;0.02745483870967742;0.06824193548387096;0;93
2023-07;GCP;acct-006;staging;2.641.545;2.002.343;1.131.136;177.472;11.571.022;627716.73;0.0018170731707317072;0.01953658536585366;0.12762926829268292;0;41
2023-07;GCP;acct-007;dev;103.914;848.757;631.782;776.638;1.748.751;19.334.783.000.000.000;0.0009166666666666666;0.05805;0.15551666666666666;0;24
2023-07;GCP;acct-007;prod;9.036.766;7.096.169;2.460.356;6.174.526;28.866.021;3531246.5;0.00083768115942029;0.04582898550724637;0.03744782608695653;0;69
2023-07;GCP;acct-007;staging;3.180.815;2.487.259;1.262.227;216.514;9.679.898.000.000.000;693503.12;0.0013333333333333333;0.061160000000000006;-0.00038888888888889293;0;45
2023-07;GCP;acct-008;dev;806.532;627.352;446.677;572.736;1.807.994;159101.2;0.00118;0.039525000000000005;0.122675;0;20
2023-07;GCP;acct-008;prod;10.627.391;8.150.692;3.083.891;7.120.768;33.543.499;4188386.41;0.0008341463414634146;0.06165853658536585;0.04975487804878049;0;82
2023-07;GCP;acct-008;staging;2.298.766;1.737.142;947.123;1.555.599;632.049;5.651.848.200.000.000;0.0011216216216216215;0.03376486486486486;0.11871351351351352;0;37
2023-07;GCP;acct-009;dev;9.974.889.999.999.990;765.755;56.427.600.000.000.000;689.601;24.259.969.999.999.900;239941.79;0.0010107142857142856;0.032175;0.024425000000000002;0;28
2023-07;GCP;acct-009;prod;10.716.086;8.372.576;3.060.791;7.164.029;31.969.601;4325707.16;0.0007611764705882354;0.03596470588235294;0.029141176470588233;0;85
2023-07;GCP;acct-009;staging;2.883.534;2.267.197;1.002.031;1.964.728;10.717.507;648764.22;0.0016333333333333332;0.03922619047619048;0.011919047619047617;0;42
2023-07;GCP;acct-010;dev;535.161;404.071;30.492;374.107;2.088.087;143045.43;0.0014833333333333335;0.15808333333333333;0.04119444444444445;0;18
2023-07;GCP;acct-010;prod;13.049.493;10.102.408;3.425.874;8.627.102;42.589.875;4944262.6;0.0008714285714285715;0.0415469387755102;0.038360204081632654;0;98
2023-07;GCP;acct-010;staging;3.143.595;2.384.837;1.272.007;21.147.560.000.000.000;8.423.691;600640.81;0.001382051282051282;0.02605128205128205;0.013820512820512824;0;39
2023-08;AWS;acct-001;dev;921.746;70.189;515.446;646.893;2.878.168;215572.04;0.0013111111111111112;0.05356296296296296;-0.0034222222222222215;0;27
2023-08;AWS;acct-001;prod;12.801.582;9.602.265;3.691.315;8.353.505;49.331.644;4971798.7;0.0010030927835051546;0.04632474226804124;0.017374226804123708;0;97
2023-08;AWS;acct-001;staging;2.093.789;1.589.555;764.304;1.362.762;5.058.649;481580.11;0.0010580645161290324;0.10234516129032259;0.007732258064516131;0;31
2023-08;AWS;acct-002;dev;66.984;53.613;393.384;474.088;1.781.722;147946.45;0.0012555555555555555;0.018888888888888886;0.01599444444444444;0;18
2023-08;AWS;acct-002;prod;11.889.445;9.192.502;3.509.653;7.927.208;34.969.092;5036678.73;0.0007;0.058651546391752574;0.09052061855670103;0;97
2023-08;AWS;acct-002;staging;2.096.007;1.657.108;10.016.720.000.000.000;1.502.341;6.116.392;551580.03;0.0011138888888888889;0.054275;0.035666666666666666;0;36
2023-08;AWS;acct-003;dev;767.845;599.021;436.601;546.746;1.976.078;184459.52;0.0010727272727272727;0.06485454545454546;0.09284545454545455;0;22
2023-08;AWS;acct-003;prod;12.655.433;9.774.805;3.728.767;850.123;44.111.088;4662254.49;0.0009782608695652173;0.05679782608695653;0.010448913043478262;0;92
2023-08;AWS;acct-003;staging;3.121.875;2.514.544;1.441.942;2.259.544;10.451.309.999.999.900;660275.79;0.001541860465116279;0.016204651162790695;0.10417441860465115;0;43
2023-08;AWS;acct-004;dev;13.486.090.000.000.000;1.032.623;747.735;941.764;4.166.195;285887.08;0.0014777777777777777;0.06383333333333334;0.01561944444444444;0;36
2023-08;AWS;acct-004;prod;14.641.147;11.400.869;4.055.797;9.781.872;56.219.655.999.999.900;5176243.93;0.001129;0.045876;0.066011;0;100
2023-08;AWS;acct-004;staging;25.212.030.000.000.000;195.225;1.136.426;1.730.775;7.700.141;625186.38;0.0012924999999999998;0.0657025;0.0371475;0;40
2023-08;AWS;acct-005;dev;949.973;692.993;539.181;629.382;4.393.234;24.916.161.000.000.000;0.0018933333333333335;0.04372333333333333;0.030169999999999995;0;30
2023-08;AWS;acct-005;prod;13.058.692;10.074.962;3.528.331;8.686.822;36.302.421;5483969.08;0.0006688679245283018;0.054165094339622646;-0.01731320754716981;0;106
2023-08;AWS;acct-005;staging;2.164.734;1.683.469;988.399;1.506.455;8.303.308.999.999.990;580781.87;0.0014526315789473684;0.03769473684210527;0.018021052631578948;0;38
2023-08;AWS;acct-006;dev;819.285;636.868;482.742;584.412;20.470.940.000.000.000;145060.8;0.0014277777777777778;0.05191111111111111;-0.009077777777777777;0;18
2023-08;AWS;acct-006;prod;12.393.952;976.664;370.057;849.779;44.528.804;5050165.53;0.0009131313131313131;0.05478080808080808;0.036630303030303034;0;99
2023-08;AWS;acct-006;staging;2.432.142;1.887.485;1.078.155;1.711.031;10.155.395;602306.39;0.001695;0.0484475;0.007654999999999998;0;40
2023-08;AWS;acct-007;dev;839.063;626.416;45.069;580.303;30.465.290.000.000.000;208737.97;0.001484;0.039;0.02218;0;25
2023-08;AWS;acct-007;prod;13.068.979;10.118.388;4.108.419;8.859.072;49.837.194;5098034.39;0.000986;0.017466999999999996;0.071665;0;100
2023-08;AWS;acct-007;staging;2.811.996;2.093.657;1.303.144;1.907.399;8.155.677.000.000.000;733445.55;0.0010638297872340426;0.06458510638297872;0.0790808510638298;0;47
2023-08;AWS;acct-008;dev;99.504;781.123;57.298;739.291;2.170.136;216007.31;0.001026923076923077;0.09524615384615384;0.07858846153846154;0;26
2023-08;AWS;acct-008;prod;9.505.305;7.408.942;2.779.651;6.397.812;3.041.053;4183407.26;0.0007536585365853659;0.057453658536585364;0.04681219512195122;0;82
2023-08;AWS;acct-008;staging;2.476.858;18.838.049.999.999.900;1.025.087;1.675.477;6.518.804;520351.23;0.0012176470588235295;0.03758529411764705;0.05627352941176471;0;34
2023-08;AWS;acct-009;dev;872.324;7.050.019.999.999.990;543.084;661.444;3.173.446;200880.38;0.0016791666666666667;0.07716666666666666;0.10254999999999999;0;24
2023-08;AWS;acct-009;prod;10.971.632;8.505.389;3.006.176;7.326.906;4.271.758;4501512.41;0.0009426966292134832;0.07690224719101123;0.0659752808988764;0;89
2023-08;AWS;acct-009;staging;2.035.763;15.987.120.000.000.000;889.414;142.927;6.093.242;654641.38;0.0009585365853658537;0.036014634146341463;0.11462439024390245;0;41
2023-08;AWS;acct-010;dev;824.023;613.437;450.911;556.894;1.324.387;156477.37;0.000863157894736842;0.015605263157894738;0.05465789473684211;0;19
2023-08;AWS;acct-010;prod;13.506.327;10.315.265;3.418.482;8.919.441;4.163.145;5712080.02;0.0007309090909090909;0.03490454545454545;0.08875636363636363;0;110
2023-08;AWS;acct-010;staging;214.594;1.750.669;861.405;1.479.908;6.749.134;594501.0;0.0011342105263157894;0.06616052631578948;-0.01361052631578947;0;38
2023-08;Azure;acct-001;dev;892.736;665.365;52.132.999.999.999.900;590.836;24.984.480.000.000.000;208899.03;0.0011461538461538462;0.0743576923076923;0.15350769230769232;0;26
2023-08;Azure;acct-001;prod;9.939.284;7.684.888;2.716.566;6.614.509;36.389.958;4575863.93;0.0008112359550561798;0.0668247191011236;0.05076966292134832;0;89
2023-08;Azure;acct-001;staging;289.678;2.328.154;1.418.755;2.113.365;12.151.929;689688.55;0.0017222222222222222;0.04476888888888889;0.02618888888888889;0;45
2023-08;Azure;acct-002;dev;635.977;495.174;372.967;467.269;2.289.957;169183.76;0.001295;0.02794;0.14667000000000002;0;20
2023-08;Azure;acct-002;prod;9.825.332;7.422.383;2.801.342;6.409.661;27.209.228;4318519.59;0.0006325581395348837;0.03251976744186046;0.03733604651162791;0;86
2023-08;Azure;acct-002;staging;2.427.612;2.003.062;981.579;1.738.583;6.261.721;5.363.743.200.000.000;0.0011911764705882354;0.0646235294117647;0.08221470588235293;0;34
2023-08;Azure;acct-003;dev;66.118;518.749;38.957.499.999.999.900;473.895;3.613.158;16.432.966.999.999.900;0.002119047619047619;0.021900000000000003;0.0028190476190476203;0;21
2023-08;Azure;acct-003;prod;10.784.248;836.303;3.151.608;7.320.516;34.159.066.000.000.000;4657898.38;0.0007211111111111111;0.04369777777777777;0.05224777777777778;0;90
2023-08;Azure;acct-003;staging;1.601.993;1.258.582;658.225;11.119.369.999.999.900;7.271.484;413944.94;0.001811111111111111;0.06977037037037037;0.008525925925925925;0;27
2023-08;Azure;acct-004;dev;462.654;364.183;294.995;34.367.399.999.999.900;1.562.398;135962.68;0.0011058823529411766;0.05174705882352941;0.1312705882352941;0;17
2023-08;Azure;acct-004;prod;10.167.272;7.834.641;2.854.384;6.786.851;32.674.137;4263022.29;0.0007536585365853659;0.06563292682926829;0.07820731707317073;0;82
2023-08;Azure;acct-004;staging;2.285.591;1.747.648;876.901;1.552.903;6.385.391.999.999.990;625216.85;0.0010658536585365854;0.01915121951219512;0.04379512195121951;0;41
2023-08;Azure;acct-005;dev;700.498;528.651;379.951;49.132;1.220.251;192222.34;0.0006347826086956522;0.08985217391304347;0.10898260869565218;0;23
2023-08;Azure;acct-005;prod;9.300.166;7.327.724;2.226.587;6.190.533;28.776.206;3811344.96;0.0007639999999999999;0.08080666666666667;0.08689866666666667;0;75
2023-08;Azure;acct-005;staging;1.778.693;1.417.759;924.822;1.287.306;9.780.117;475585.26;0.0019677419354838708;0.0773032258064516;-0.02610967741935484;0;31
2023-08;Azure;acct-006;dev;445.513;340.634;248.233;319.191;1.148.015;125026.2;0.0009533333333333334;-0.0038933333333333346;0.17233333333333334;0;15
2023-08;Azure;acct-006;prod;10.826.446;8.244.246;2.950.594;7.103.762;31.388.674;5468565.78;0.0005962264150943397;0.06289339622641509;0.06239622641509434;0;106
2023-08;Azure;acct-006;staging;2.847.505;2.233.531;1.384.045;2.032.583;663.798;713239.4;0.000958695652173913;0.03842173913043478;0.02448260869565217;0;46
2023-08;Azure;acct-007;dev;758.624;563.912;400.222;517.864;3.981.287;173461.73;0.002285714285714286;0.03219047619047619;0.06524285714285713;0;21
2023-08;Azure;acct-007;prod;12.173.189;9.465.091;350.723;820.828;37.060.884;4870478.7;0.0007652631578947369;0.07392526315789473;0.06495894736842105;0;95
2023-08;Azure;acct-007;staging;2.295.057;1.818.804;920.018;1.609.827;9.135.596;566077.0;0.0017000000000000001;0.09695526315789474;0.09641842105263158;0;38
2023-08;Azure;acct-008;dev;72.143;586.921;43.492;55.137.299.999.999.900;1.775.533;192057.29;0.0009916666666666667;0.06875833333333332;0.09267083333333333;0;24
2023-08;Azure;acct-008;prod;1.421.686;10.841.393;3.705.154;9.237.957;43.987.204;5915988.65;0.0007373913043478261;0.07125565217391304;0.008013043478260871;0;115
2023-08;Azure;acct-008;staging;1.973.263;1.484.755;875.706;1.322.501;11.125.496;584937.91;0.0019210526315789473;0.035589473684210525;0.04714473684210527;0;38
2023-08;Azure;acct-009;dev;6.983.970.000.000.000;51.658;390.246;477.554;1.810.636;156788.06;0.0011684210526315788;0.05428947368421052;0.06820526315789474;0;19
2023-08;Azure;acct-009;prod;9.625.009;735.602;2.832.814;6.384.952;30.214.827.999.999.900;4347185.06;0.0006976470588235294;0.04368588235294118;0.06393176470588235;0;85
2023-08;Azure;acct-009;staging;1.811.102;1.478.318;799.304;1.247.334;4.449.894;497751.74;0.000896875;0.033618749999999996;0.008146875000000001;0;32
2023-08;Azure;acct-010;dev;345.473;281.538;20.38;253.377;579.353;117438.0;0.0004933333333333334;0.03362;0.05940666666666668;0;15
2023-08;Azure;acct-010;prod;11.329.687;8.800.499;3.028.488;7.536.591;35.100.522;4721857.89;0.0007666666666666667;0.03642043010752689;0.09189462365591398;0;93
2023-08;Azure;acct-010;staging;2.345.735;1.810.654;994.849;1.598.954;10.241.966;653516.77;0.0016116279069767442;0.04157674418604651;0.0680953488372093;0;43
2023-08;GCP;acct-001;dev;87.961;66.915;479.732;613.151;1.490.313;192133.24;0.0007826086956521738;0.09174347826086957;0.04264782608695652;0;23
2023-08;GCP;acct-001;prod;9.918.134;7.863.389.999.999.990;2.936.736;680.427;32.222.673;4574438.6;0.0007157303370786518;0.0661438202247191;0.042016853932584274;0;89
2023-08;GCP;acct-001;staging;2.014.041;1.565.591;822.233;1.344.128;51.026.210.000.000.000;581926.79;0.0008789473684210526;0.0714578947368421;0.04885263157894736;0;38
2023-08;GCP;acct-002;dev;7.245.270.000.000.000;569.356;412.539;52.772.999.999.999.900;3.310.901;193955.74;0.0016125;0.05582083333333334;0.045987499999999994;0;24
2023-08;GCP;acct-002;prod;1.106.667;8.549.147;3.379.454;7.477.431;31.321.861;5551248.71;0.0005712962962962963;0.0390537037037037;0.046677777777777776;0;108
2023-08;GCP;acct-002;staging;2.357.875;1.909.348;978.071;1.669.337;9.488.305;658394.12;0.0014571428571428572;0.05337619047619048;0.07880952380952382;0;42
2023-08;GCP;acct-003;dev;1.247.441;980.499;704.015;892.684;4.332.083;241510.71;0.0019033333333333333;0.04447333333333334;0.03440666666666667;0;30
2023-08;GCP;acct-003;prod;10.836.942.999.999.900;8.400.012;2.553.362;7.092.037;26.938.451;5070778.89;0.0005272727272727272;0.061940404040404046;0.028201010101010098;0;99
2023-08;GCP;acct-003;staging;2.189.868;1.643.168;804.452;1.420.562;7.872.903;629550.94;0.001273170731707317;0.05509512195121952;0.05108780487804877;0;41
2023-08;GCP;acct-004;dev;595.763;455.328;346.364;41.681.400.000.000.000;1.008.983;132528.37;0.0007624999999999999;0.08216875;-0.062424999999999994;0;16
2023-08;GCP;acct-004;prod;8.966.566;6.931.043;2.414.665;591.38;32.027.115;4434071.42;0.0006942528735632184;0.06944597701149426;0.04699310344827586;0;87
2023-08;GCP;acct-004;staging;23.689.849.999.999.900;1.800.938;1.051.719;1.631.678;8.268.515;700147.83;0.0012304347826086956;0.05411521739130435;0.07501304347826088;0;46
2023-08;GCP;acct-005;dev;376.324;28.607.300.000.000.000;189.863;262.038;1.538.858;102336.31;0.0016692307692307692;0.05462307692307692;-0.02541538461538462;0;13
2023-08;GCP;acct-005;prod;13.252.329;10.230.746;3.456.733;8.781.359;39.276.373;5957949.35;0.0006646551724137931;0.045166379310344826;0.026450862068965516;0;116
2023-08;GCP;acct-005;staging;2.347.276;18.078.979.999.999.900;1.039.948;1.571.327;5.713.168.000.000.000;505881.13;0.0011484848484848483;0.04093636363636364;0.060384848484848486;0;33
2023-08;GCP;acct-006;dev;721.734;558.511;42.254;510.653;19.929.500.000.000.000;204321.89;0.0009833333333333332;0.008424999999999997;0.06724999999999999;0;24
2023-08;GCP;acct-006;prod;9.773.985;7.376.143;2.666.699;6.376.918.000.000.000;39.225.486;4672000.79;0.00086;0.048712222222222226;0.04707777777777778;0;90
2023-08;GCP;acct-006;staging;1.480.726;1.140.317;6.421.979.999.999.990;1.003.842;3.726.608;418672.27;0.0008740740740740741;0.06413703703703703;0.10162962962962964;0;27
2023-08;GCP;acct-007;dev;98.792;746.115;555.949;68.542;234.252;242930.89;0.00095;0.023949999999999996;-0.019459999999999998;0;30
2023-08;GCP;acct-007;prod;7.171.728;5.777.693;2.303.692;5.048.393;26.175.272.999.999.900;3453917.55;0.0007582089552238806;0.02619402985074627;0.06067761194029851;0;67
2023-08;GCP;acct-007;staging;2.521.783;1.928.876;1.025.961;1.687.263;7.887.783;641630.34;0.0013047619047619047;0.03433095238095238;0.039407142857142856;0;42
2023-08;GCP;acct-008;dev;75.317;570.217;42.830.799.999.999.900;53.945;1.223.907;194976.89;0.0006125;-0.051929166666666665;0.019362499999999998;0;24
2023-08;GCP;acct-008;prod;9.765.112;7.421.695;2.945.146;6.452.755;26.037.223;4352549.99;0.0005918604651162791;0.06297558139534884;0.06109186046511628;0;86
2023-08;GCP;acct-008;staging;1.784.159;1.354.514;775.274;122.908;5.573.799;565117.92;0.0010138888888888888;0.02043611111111111;0.051025;0;36
2023-08;GCP;acct-009;dev;63.678.000.000.000.000;519.488;380.909;476.575;1.360.069;143446.09;0.0009555555555555555;0.07697777777777777;-0.023505555555555564;0;18
2023-08;GCP;acct-009;prod;11.298.919;8.715.697;3.344.428;7.568.722;27.344.654;5437820.06;0.0005074766355140187;0.06127009345794392;0.05888785046728971;0;107
2023-08;GCP;acct-009;staging;3.414.569;2.663.474;1.356.024;2.291.981;12.812.746;741573.16;0.0017380000000000002;0.064436;0.033746;0;50
2023-08;GCP;acct-010;dev;393.998;29.589.000.000.000.000;221.819;272.927;1.471.872;11.963.148.999.999.900;0.001257142857142857;0.05275;0.09415714285714286;0;14
2023-08;GCP;acct-010;prod;11.276.129;8.693.453;3.326.918;7.602.029;29.312.137;4756672.48;0.0006263736263736264;0.06279450549450549;0.007142857142857141;0;91
2023-08;GCP;acct-010;staging;224.719;1.763.444;1.040.141;1.594.588;5.098.441;633089.22;0.0008214285714285715;0.030028571428571432;-0.003104761904761904;0;42
2023-09;AWS;acct-001;dev;700.563;56.179;422.746;514.059;271.294;159820.71;0.0017500000000000003;0.08417;0.097915;0;20
2023-09;AWS;acct-001;prod;6.598.041;5.357.314;2.005.269;4.677.316;19.291.549;3075325.0;0.0006366666666666667;0.045221666666666674;0.025971666666666667;0;60
2023-09;AWS;acct-001;staging;25.232.479.999.999.900;1.922.948;1.127.748;1.717.526;6.087.038;6.879.960.700.000.000;0.0008772727272727273;0.018288636363636365;-0.04682954545454545;0;44
2023-09;AWS;acct-002;dev;637.628;512.724;41.296;470.147;212.377;170991.24;0.0013;0.08074761904761904;0.09693809523809523;0;21
2023-09;AWS;acct-002;prod;10.386.154;7.953.868;2.953.669;6.917.447.999.999.990;24.284.611;4210359.04;0.0005939759036144578;0.022455421686746985;0.02476144578313253;0;83
2023-09;AWS;acct-002;staging;2.446.249;1.905.437;1.016.385;1.693.102;7.602.363;671963.65;0.001159090909090909;0.040979545454545456;-0.002743181818181815;0;44
2023-09;AWS;acct-003;dev;9.053.399.999.999.990;730.494;573.256;666.991;2.181.514;195094.63;0.0011125;0.0569;0.03500833333333333;0;24
2023-09;AWS;acct-003;prod;9.896.763;7.584.068;2.745.583;6.588.118;32.510.074.999.999.900;4233364.44;0.0007666666666666667;0.04742142857142857;0.08117380952380952;0;84
2023-09;AWS;acct-003;staging;2.291.494;1.818.708;1.058.981;16.112.800.000.000.000;6.204.544;639871.81;0.0009951219512195123;0.05094878048780487;0.05251219512195122;0;41
2023-09;AWS;acct-004;dev;722.145;586.273;413.297;526.624;405.813;142659.94;0.0030941176470588236;0.020488235294117647;-0.04655294117647059;0;17
2023-09;AWS;acct-004;prod;9.195.529;7.085.653;2.647.393;6.118.981;27.734.974;3936048.92;0.000706578947368421;0.04778552631578947;0.03940789473684211;0;76
2023-09;AWS;acct-004;staging;2.347.785;1.789.506;880.034;1.533.438;5.490.838;557090.96;0.0009783783783783783;0.08948108108108108;0.07826756756756757;0;37
2023-09;AWS;acct-005;dev;656.961;489.507;371.894;450.051;230.563;200917.69;0.0010958333333333334;0.07327083333333333;0.05433333333333334;0;24
2023-09;AWS;acct-005;prod;11.990.325;9.250.233.000.000.000;3.532.018;7.980.577;3.640.958;4861125.19;0.0007663157894736843;0.049748421052631574;0.08059473684210526;0;95
2023-09;AWS;acct-005;staging;1.804.413;1.379.221;730.544;1.216.528;3.948.904;473604.18;0.0008419354838709676;0.07491935483870968;0.027516129032258065;0;31
2023-09;AWS;acct-006;dev;865.926;681.722;527.894;619.484;2.359.146;217279.38;0.0010666666666666667;0.028499999999999994;0.08152592592592593;0;27
2023-09;AWS;acct-006;prod;11.229.109;9.030.666;2.702.634;7.667.931;28.720.661.999.999.900;4574342.11;0.0006244444444444444;0.07910888888888888;0.08543333333333333;0;90
2023-09;AWS;acct-006;staging;1.724.629;13.756.640.000.000.000;842.388;1.238.016;6.345.893;48.912.016.000.000.000;0.0012875;0.063603125;0.07264375;0;32
2023-09;AWS;acct-007;dev;62.536.300.000.000.000;45.727.599.999.999.900;329.729;426.762;1.138.834;143479.58;0.0007823529411764706;0.013570588235294116;0.04540588235294118;0;17
2023-09;AWS;acct-007;prod;1238.17;9.620.541;2.854.054;811.873;44.889.923;4704996.37;0.0009494623655913979;0.054020430107526884;0.05748817204301075;0;93
2023-09;AWS;acct-007;staging;2.779.618;213.317;1.268.878;1.893.701;8.122.888;614717.52;0.00128;0.042185;0.059199999999999996;0;40
2023-09;AWS;acct-008;dev;709.018;540.839;416.216;50.326;1.309.637;169344.46;0.0007999999999999999;0.026904761904761904;0.041042857142857145;0;21
2023-09;AWS;acct-008;prod;14.358.488;1.131.809;4.211.068;9.731.868.000.000.000;43.484.526;5248850.7;0.0008339805825242719;0.036232038834951456;0.04009805825242719;0;103
2023-09;AWS;acct-008;staging;1.875.642;1.444.456;806.392;1.309.013;5.253.081;51.444.933.999.999.900;0.0010147058823529412;0.07335882352941175;0.11499411764705883;0;34
2023-09;AWS;acct-009;dev;808.275;588.487;435.911;524.533;22.023.930.000.000.000;172062.0;0.0012952380952380952;0.060642857142857144;0.052533333333333335;0;21
2023-09;AWS;acct-009;prod;10.209.906;7.701.768;2.859.905;664.891;36.210.277;4213915.03;0.0008641975308641975;0.039841975308641975;0.03573333333333333;0;81
2023-09;AWS;acct-009;staging;2.500.418;1.888.294;1.034.228;1.650.942;6.424.286;571067.22;0.0011526315789473684;0.08648421052631579;0.03523157894736842;0;38
2023-09;AWS;acct-010;dev;687.096;530.925;372.306;486.697;1.251.009;169376.43;0.0007428571428571429;0.1066;-0.011971428571428577;0;21
2023-09;AWS;acct-010;prod;11.689.387;8.903.586;2.924.632;7.552.074;30.574.424;5054193.46;0.0006292929292929293;0.04045151515151515;0.0640111111111111;0;99
2023-09;AWS;acct-010;staging;2.329.297;18.904.479.999.999.900;94.639;1.628.154;6.033.372;599996.23;0.001;0.016112820512820515;0.04674102564102564;0;39
2023-09;Azure;acct-001;dev;1.100.245;839.514;63.953.199.999.999.900;77.96;3.079.359;190659.92;0.0016208333333333333;-0.002583333333333331;0.08191666666666667;0;24
2023-09;Azure;acct-001;prod;1.108.155;8.456.971;2.748.762;7.149.462;37.798.202;4868700.95;0.000798936170212766;0.0593436170212766;0.06787234042553192;0;94
2023-09;Azure;acct-001;staging;2.204.738;174.846;851.732;1.519.192;6.710.096;584386.25;0.001144736842105263;0.09767631578947368;0.06178684210526316;0;38
2023-09;Azure;acct-002;dev;10.839.399.999.999.900;838.631;603.939;756.477;2.775.897;226604.34;0.0012035714285714286;0.013935714285714286;0.07507142857142857;0;28
2023-09;Azure;acct-002;prod;9.255.615;7.147.298;2.309.887;6.053.342;2.799.456;4210360.82;0.0006879518072289157;0.025669879518072293;0.05119156626506024;0;83
2023-09;Azure;acct-002;staging;2.682.919;2.113.005;1.096.938;1.862.412;6.963.754;642127.75;0.0010926829268292683;0.05036585365853658;0.03908536585365854;0;41
2023-09;Azure;acct-003;dev;724.444;554.591;428.392;505.305;1.393.091;183045.82;0.000809090909090909;0.058277272727272726;0.008927272727272733;0;22
2023-09;Azure;acct-003;prod;9.230.042;7.198.694;2.934.557;6.245.356;29.233.807;4722965.42;0.0006380434782608696;0.05258695652173913;0.0817695652173913;0;92
2023-09;Azure;acct-003;staging;17.147.209.999.999.900;1.329.111;725.214;1.163.211;5.159.796;562164.54;0.0009166666666666668;0.10880555555555556;0.0661111111111111;0;36
2023-09;Azure;acct-004;dev;729.895;550.619;40.936;48.725.699.999.999.900;19.992.079.999.999.900;172120.29;0.0012142857142857144;0.051842857142857156;0.00792857142857143;0;21
2023-09;Azure;acct-004;prod;9.611.359;7.647.438;2.632.137;6.538.275;30.150.595;4333382.92;0.0007105882352941177;0.024364705882352945;0.01855764705882353;0;85
2023-09;Azure;acct-004;staging;2.592.229;2.049.737;10.751.270.000.000.000;1.799.425;12.097.796;607526.44;0.0021024999999999998;0.045532500000000004;0.051379999999999995;0;40
2023-09;Azure;acct-005;dev;450.696;362.263;27.500.999.999.999.900;339.614;169.367;127804.17;0.0013875;0.05514375;-0.009662499999999997;0;16
2023-09;Azure;acct-005;prod;10.349.352.000.000.000;8.061.069;2.942.894;6.927.691;31.601.248;4777507.51;0.0006870967741935483;0.03640322580645161;0.1373010752688172;0;93
2023-09;Azure;acct-005;staging;2.087.299;1.623.688;92.209;1.426.624;4.790.873;573145.2;0.0008405405405405405;0.05727027027027026;-0.011829729729729727;0;37
2023-09;Azure;acct-006;dev;1.068.893;843.279;61.383.500.000.000.000;770.067;5.446.611;199785.7;0.0028041666666666666;0.0343;0.036679166666666665;0;24
2023-09;Azure;acct-006;prod;10.306.594;7.870.361;3.342.565;6.920.847;34.376.125;4415526.03;0.0007872093023255813;0.06483023255813954;0.015109302325581397;0;86
2023-09;Azure;acct-006;staging;3.212.281;2.488.197;1.433.601;2.169.788;9.049.494;728661.7;0.00121875;0.04100416666666667;0.08161041666666667;0;48
2023-09;Azure;acct-007;dev;862.997;685.751;534.504;640.828;4.001.045;218733.63;0.0019037037037037037;0.07042222222222222;0.10737407407407407;0;27
2023-09;Azure;acct-007;prod;11.411.826;8.900.207;3.354.364;7.781.969;36.467.656;5087252.04;0.0007181818181818181;0.06152121212121212;0.10466464646464647;0;99
2023-09;Azure;acct-007;staging;1.764.537;1.346.165;769.066;1.195.964;3.876.972;458694.96;0.0008699999999999999;0.12085333333333333;0.03559333333333334;0;30
2023-09;Azure;acct-008;dev;748.726;588.129;432.704;540.224;2.371.988;142281.57;0.0016352941176470588;0.10661764705882353;0.06728235294117646;0;17
2023-09;Azure;acct-008;prod;10.801.768;8.455.502;3.040.456;7.269.991;39.501.288;4861862.26;0.0008541666666666667;0.040271875;0.0558625;0;96
2023-09;Azure;acct-008;staging;2.390.803;1.884.859;12.318.509.999.999.900;1.698.654;8.553.239;611627.1;0.001385;0.047455000000000004;0.035050000000000005;0;40
2023-09;Azure;acct-009;dev;46.417.300.000.000.000;343.378;258.754;312.942;196.12;139603.06;0.001535294117647059;0.05763529411764706;0.1321;0;17
2023-09;Azure;acct-009;prod;10.777.085;8.279.252;2.972.723;704.071;29.606.491;4740921.08;0.0006322580645161291;0.04330537634408602;0.04456129032258064;0;93
2023-09;Azure;acct-009;staging;28.443.149.999.999.900;2.240.026;1.208.208;1.950.981;12.392.783;743165.98;0.001646938775510204;0.06218979591836735;0.11466938775510205;0;49
2023-09;Azure;acct-010;dev;639.526;475.649;37.42;44.164;2.590.946;155849.19;0.0017105263157894738;0.08171052631578947;0.11932631578947368;0;19
2023-09;Azure;acct-010;prod;10.574.683;8.134.822;2.442.537;6.920.572;33.447.307;4569705.39;0.0007344444444444445;0.01591222222222222;0.040031111111111115;0;90
2023-09;Azure;acct-010;staging;1.930.585;1.561.207;915.107;1.385.195;7.410.254;517932.54;0.001461764705882353;0.01883235294117647;0.07663529411764705;0;34
2023-09;GCP;acct-001;dev;802.995;624.549;473.678;592.401;2.823.501;212012.6;0.0013307692307692306;0.11275384615384615;0.029200000000000004;0;26
2023-09;GCP;acct-001;prod;10.848.149;8.459.909;2.785.507;7.357.544;28.321.761;5210920.25;0.0005568627450980392;0.060599019607843134;0.09576372549019607;0;102
2023-09;GCP;acct-001;staging;2.268.996;1.745.459;945.844;1.506.239;499.339;642752.45;0.000769047619047619;0.1046;-0.022276190476190477;0;42
2023-09;GCP;acct-002;dev;744.137;555.677;408.677;515.507;1.862.561;212936.02;0.0009;0.044556000000000005;0.069008;0;25
2023-09;GCP;acct-002;prod;9.924.594.999.999.990;768.261;2.830.832;6.585.409;36.379.719;4835735.12;0.000753763440860215;0.044680645161290326;0.030799999999999998;0;93
2023-09;GCP;acct-002;staging;1.940.964;150.196;787.214;1.310.924;6.128.134;494721.99;0.001265625;0.0400375;0.033856250000000004;0;32
2023-09;GCP;acct-003;dev;89.069;671.421;516.225;620.494;2.504.316;229015.01;0.0011035714285714286;0.032664285714285715;0.06258928571428571;0;28
2023-09;GCP;acct-003;prod;8.987.715;6.730.836;229.401;5.789.303;30.846.751;4072540.18;0.0007560975609756098;0.05786219512195122;0.07971463414634146;0;82
2023-09;GCP;acct-003;staging;2.267.961;1.758.297;983.876;1.573.126;6.809.157;650722.41;0.0010682926829268292;0.03432682926829268;0.00835365853658537;0;41
2023-09;GCP;acct-004;dev;887.123;688.237;505.374;616.483;2.691.287;203809.11;0.0013666666666666669;0.07747916666666667;-0.06463333333333333;0;24
2023-09;GCP;acct-004;prod;12.677.405;9.786.937;34.260.790.000.000.000;8.390.479;29.799.581;5302154.9;0.0005580952380952381;0.07286;0.051543809523809526;0;105
2023-09;GCP;acct-004;staging;2.543.495;2.069.046;12.725.659.999.999.900;1.831.072;7.179.567;691255.42;0.0010222222222222221;0.02259111111111111;0.054462222222222224;0;45
2023-09;GCP;acct-005;dev;86.733;667.042;49.999;61.971.199.999.999.900;154.584;194771.25;0.0007958333333333333;0.04546666666666666;0.08597500000000001;0;24
2023-09;GCP;acct-005;prod;10.506.092;8.112.452;3.144.797;7.097.249;28.798.565;4574157.94;0.000649438202247191;0.05444269662921348;0.04428539325842697;0;89
2023-09;GCP;acct-005;staging;2.359.036;1.751.952;959.852;152.73;7.175.656;637468.42;0.0011365853658536586;0.07832195121951219;0.05057804878048781;0;41
2023-09;GCP;acct-006;dev;446.535;356.497;268.474;323.944;689.461;100703.45;0.0007;0.10300833333333333;0.08595833333333334;0;12
2023-09;GCP;acct-006;prod;9.665.147;7.397.229;2.206.464;6.370.593;26.026.509;4719948.68;0.0005602150537634408;0.05753225806451613;0.03712150537634409;0;93
2023-09;GCP;acct-006;staging;2.235.458;1.717.924;1.090.688;1.555.306;6.273.063;579798.87;0.0010368421052631578;0.0658;0.03663947368421052;0;38
2023-09;GCP;acct-007;dev;931.243;675.209;506.925;631.501;30.935.310.000.000.000;189031.65;0.0015869565217391302;0.026895652173913046;0.11553478260869564;0;23
2023-09;GCP;acct-007;prod;9.399.224;7.458.554;2.883.908;6.473.085;20.251.258;4423900.81;0.0004586206896551724;0.04061494252873563;0.0023827586206896577;0;87
2023-09;GCP;acct-007;staging;1.738.776;1.362.084;728.376;119.056;50.005.010.000.000.000;512633.94;0.0009941176470588235;0.05643823529411765;-0.02082941176470588;0;34
2023-09;GCP;acct-008;dev;617.682;495.857;35.344;440.115;876.603;167834.65;0.0005142857142857143;0.056038095238095234;0.05721428571428572;0;21
2023-09;GCP;acct-008;prod;10.673.366;8.338.466;2.955.895;7.152.997;31.231.628;4487186.97;0.0006954022988505747;0.03825402298850575;0.09368275862068964;0;87
2023-09;GCP;acct-008;staging;1.939.212;1.564.753;9.223.649.999.999.990;1.360.635;5.400.754;481294.94;0.0011290322580645162;0.04082903225806451;0.03413548387096774;0;31
2023-09;GCP;acct-009;dev;810.737;621.125;46.774.300.000.000.000;571.276;2.706.213;181954.32;0.0014478260869565216;0.032073913043478265;0.04209130434782608;0;23
2023-09;GCP;acct-009;prod;993.725;771.86;2.976.539;6.703.556;24.015.048;4588116.05;0.0005370786516853933;0.023621348314606744;-0.008062921348314607;0;89
2023-09;GCP;acct-009;staging;1.935.774;1.538.891;87.591;1.366.099;6.373.896;597540.61;0.0010512820512820513;0.036717948717948715;-0.0173974358974359;0;39
2023-09;GCP;acct-010;dev;819.082;642.442;502.456;581.578;37.846.840.000.000.000;223640.95;0.0016518518518518518;0.03871851851851851;-0.028296296296296295;0;27
2023-09;GCP;acct-010;prod;1.116.807;8.574.512;2.733.811;7.361.487;2.515.464;4542498.47;0.0005786516853932584;0.05874606741573033;0.03607415730337078;0;89
2023-09;GCP;acct-010;staging;14.945.589.999.999.900;1.165.234;671.447;10.296.170.000.000.000;4.962.818;492280.52;0.000978125;0.006925000000000002;0.1427375;0;32
2023-10;AWS;acct-001;dev;762.565;611.421;46.124;574.139;2.020.402;170482.25;0.0011904761904761906;0.10931904761904762;0.06560952380952381;0;21
2023-10;AWS;acct-001;prod;9.855.363;7.728.248;2.659.475;6.605.995;31.236.682;4390687.19;0.0007082352941176471;0.03686235294117647;0.03010705882352941;0;85
2023-10;AWS;acct-001;staging;4.019.464;3.094.647;1.758.037;2.683.741;14.692.383;955144.73;0.0015114754098360657;0.08000655737704918;0.009993442622950823;0;61
2023-10;AWS;acct-002;dev;618.892;491.239;363.467;458.298;1.132.747;15.647.383.000.000.000;0.0007263157894736842;0.04941052631578948;-0.031547368421052636;0;19
2023-10;AWS;acct-002;prod;10.339.983;7.817.352;2.617.977;6.739.824;31.651.513.999.999.900;4300325.76;0.000751219512195122;0.0003073170731707334;0.05532073170731707;0;82
2023-10;AWS;acct-002;staging;2.258.314;17.976.239.999.999.900;88.405;1.550.872;5.526.554;601932.34;0.0009384615384615385;0.08006410256410257;0.0744948717948718;0;39
2023-10;AWS;acct-003;dev;6.556.869.999.999.990;536.747;392.562;493.832;2.309.458;189189.69;0.0012521739130434782;0.03313043478260869;0.024891304347826087;0;23
2023-10;AWS;acct-003;prod;12.904.663;9.996.268;3.630.384;8.574.286.999.999.990;36.829.555;5159542.72;0.0007189999999999999;0.041414;0.036967999999999994;0;100
2023-10;AWS;acct-003;staging;2.287.572;1.764.592;100.95;1.561.423;513.08;489710.28;0.00106875;0.033587500000000006;-0.023137500000000002;0;32
2023-10;AWS;acct-004;dev;1.114.867;845.082;640.462;762.611;2.500.265;245062.42;0.0010517241379310344;0.039706896551724144;0.08144482758620689;0;29
2023-10;AWS;acct-004;prod;10.709.765;8.348.559;3.080.786;7.236.682;43.973.298;4636767.31;0.0009777777777777777;0.03158333333333334;0.05824666666666666;0;90
2023-10;AWS;acct-004;staging;2.384.451;1.868.686;1.069.897;1.644.854;8.239.198;628896.22;0.0012560975609756098;0.0668609756097561;0.047551219512195125;0;41
2023-10;AWS;acct-005;dev;907.847;697.636;516.347;654.202;33.399.609.999.999.900;187692.78;0.0016565217391304348;0.031347826086956514;0.09939130434782609;0;23
2023-10;AWS;acct-005;prod;10.618.759;8.255.712;3.181.295;7.178.581;26.461.333;4259025.68;0.0006156626506024096;0.05299156626506024;0.07290602409638554;0;83
2023-10;AWS;acct-005;staging;208.276;1.609.453;850.226;1.386.672;6.693.329;531356.27;0.0012235294117647058;0.017717647058823532;0.09650294117647058;0;34
2023-10;AWS;acct-006;dev;654.219;49.413.000.000.000.000;356.906;466.781;209.957;174343.99;0.0012000000000000001;0.035023809523809527;-0.004809523809523812;0;21
2023-10;AWS;acct-006;prod;11.994.904;9.243.758;3.482.838;8.021.293.000.000.000;33.810.377;4748883.18;0.000743010752688172;0.01880752688172043;0.011389247311827956;0;93
2023-10;AWS;acct-006;staging;2.206.429;1.684.271;87.716;1.473.033;6.521.758;589597.4;0.0011128205128205129;0.031948717948717946;0.023923076923076925;0;39
2023-10;AWS;acct-007;dev;1.106.781;869.392;673.473;811.994;3.027.625;239843.71;0.0012466666666666668;0.05877999999999999;0.12082999999999999;0;30
2023-10;AWS;acct-007;prod;11.782.007;915.186;2.837.848;7.782.628;35.429.248;4897782.89;0.0007333333333333333;0.04975833333333333;0.0908625;0;96
2023-10;AWS;acct-007;staging;1.761.064;1.304.782;66.751;1.138.435;7.560.158;453719.74;0.0016633333333333333;0.03323;0.007589999999999999;0;30
2023-10;AWS;acct-008;dev;990.689;739.399;53.68;673.291;3.934.664;234241.59;0.0016214285714285716;0.057310714285714284;0.106625;0;28
2023-10;AWS;acct-008;prod;9.531.315;7.264.934;2.632.613;6.306.393;3.605.514;4560271.06;0.000847191011235955;0.1075685393258427;0.032439325842696626;0;89
2023-10;AWS;acct-008;staging;2.262.514;1.778.441;979.078;156.973;5.245.225;6.200.473.099.999.990;0.0008324999999999999;0.04118;0.04147;0;40
2023-10;AWS;acct-009;dev;1.159.332;889.957;641.973;7.953.540.000.000.000;3.703.213;233500.72;0.0015896551724137932;0.058134482758620695;-0.05589310344827586;0;29
2023-10;AWS;acct-009;prod;13.514.451;1.014.332;3.221.964;8.627.130.999.999.990;4.580.142;5453013.43;0.0008443396226415094;0.05374905660377358;0.05356415094339623;0;106
2023-10;AWS;acct-009;staging;1.864.633;1.448.346;7.524.080.000.000.000;1.244.724;5.377.286;562209.45;0.000954054054054054;0.020705405405405407;0.016124324324324323;0;37
2023-10;AWS;acct-010;dev;972.083;7.626.689.999.999.990;545.702;699.595;2.777.943;219110.43;0.0013;-0.019833333333333338;0.021777777777777778;0;27
2023-10;AWS;acct-010;prod;11.518.174;8.982.654;2.901.667;7.602.058;31.577.595;4688461.33;0.0006868131868131869;0.05076923076923077;0.0710010989010989;0;91
2023-10;AWS;acct-010;staging;294.38;2.312.918;1.219.051;2.063.606;8.581.533;683670.99;0.0012727272727272728;0.021713636363636366;0.10723409090909092;0;44
2023-10;Azure;acct-001;dev;615.693;46.190.599.999.999.900;331.825;422.556;2.152.523;121587.77;0.0019266666666666668;-0.012413333333333328;0.14873333333333333;0;15
2023-10;Azure;acct-001;prod;10.367.143;8.040.942;2.770.562;6.892.871;36.867.016;4737590.38;0.0007978494623655914;0.03284193548387097;0.08973225806451614;0;93
2023-10;Azure;acct-001;staging;1.803.572;1.402.973;767.103;1.277.063;9.796.493;630694.79;0.0015925000000000002;0.035325;-0.003359999999999997;0;40
2023-10;Azure;acct-002;dev;90.517;710.741;512.442;6.514.959.999.999.990;4.481.739;211989.45;0.0021576923076923075;0.05933076923076923;0.06791538461538461;0;26
2023-10;Azure;acct-002;prod;10.796.683;8.563.041;2.767.421;730.392;29.696.798;4871407.62;0.0006210526315789473;0.0744357894736842;0.08027263157894736;0;95
2023-10;Azure;acct-002;staging;2.921.237;2.282.874;1.298.965;2.025.715;7.953.144;808020.19;0.0010018867924528301;0.04130943396226415;0.06724905660377359;0;53
2023-10;Azure;acct-003;dev;809.915;626.385;469.045;572.497;2.056.182;18.846.458.000.000.000;0.0011041666666666667;0.05350833333333333;0.13039166666666666;0;24
2023-10;Azure;acct-003;prod;13.300.135;10.305.297;3.650.254;8.865.152;44.626.508;59.809.949.799.999.900;0.0007689655172413793;0.058722413793103445;0.04729655172413793;0;116
2023-10;Azure;acct-003;staging;2.072.943;1.594.654;898.329;1.372.775;7.169.398;455008.75;0.00153;0.008299999999999998;0.16992666666666667;0;30
2023-10;Azure;acct-004;dev;721.368;550.271;421.083;493.526;22.162.380.000.000.000;173828.47;0.001309090909090909;-0.014609090909090907;0.07158181818181818;0;22
2023-10;Azure;acct-004;prod;11.776.621;9.274.897;3.102.849;7.964.104;30.979.622;5335651.4;0.0006019230769230769;0.03342692307692308;0.06525384615384615;0;104
2023-10;Azure;acct-004;staging;2.011.029;1.589.187;931.658;1.393.937;6.629.817;524667.14;0.00125;0.05071764705882353;0.07006176470588235;0;34
2023-10;Azure;acct-005;dev;1.217.217;942.537;707.668;8.650.659.999.999.990;3.952.359;255611.53;0.0015258064516129033;0.019216129032258066;0.027848387096774195;0;31
2023-10;Azure;acct-005;prod;10.456.155;8.375.875;2.702.391;712.627;40.009.257.000.000.000;4789394.09;0.0008606382978723404;0.04048936170212766;0.06259787234042553;0;94
2023-10;Azure;acct-005;staging;1.542.928;1.184.455;621.842;1.018.106;4.184.151;431190.44;0.0009607142857142858;0.05202857142857143;0.0183;0;28
2023-10;Azure;acct-006;dev;626.676;490.909;365.096;448.361;2.787.428;141730.6;0.0019352941176470587;0.04221176470588235;0.055070588235294114;0;17
2023-10;Azure;acct-006;prod;11.802.116;9.276.661;3.187.039;7.929.467;34.348.360.000.000.000;5152800.25;0.0006594059405940593;0.05072475247524752;0.01890891089108911;0;101
2023-10;Azure;acct-006;staging;2.250.096;170.549;968.361;1.501.184;5.729.387;637493.33;0.0009146341463414634;-0.0009707317073170729;0.007534146341463415;0;41
2023-10;Azure;acct-007;dev;853.603;637.351;473.376;573.302;3.229.136;198005.19;0.0017000000000000001;0.05171666666666666;-0.09071249999999999;0;24
2023-10;Azure;acct-007;prod;1.272.461;9.959.688;3.662.227;8.569.002;38.605.328;4799754.6;0.0008010638297872341;0.06538617021276596;0.08017765957446808;0;94
2023-10;Azure;acct-007;staging;2.221.371;1.675.864;10.045.570.000.000.000;1.510.389;740.098;713271.11;0.0010304347826086955;0.07828913043478261;0.11440217391304348;0;46
2023-10;Azure;acct-008;dev;881.882;694.073;522.624;641.439;326.6;185813.07;0.0017043478260869564;0.07492173913043478;0.05425652173913043;0;23
2023-10;Azure;acct-008;prod;8.992.111;6.779.897;256.219;5.880.974;27.383.021;4228003.31;0.0006414634146341463;0.048445121951219514;0.034586585365853656;0;82
2023-10;Azure;acct-008;staging;2.258.503;1.736.561;100.348;1.578.287;5.289.993;581325.84;0.0009157894736842104;0.0346;0.040057894736842105;0;38
2023-10;Azure;acct-009;dev;816.255;607.358;439.735;56.353;1.385.487;168298.46;0.0008476190476190476;0.05382857142857142;0.03839047619047619;0;21
2023-10;Azure;acct-009;prod;10.463.816;8.210.896;2.996.662;711.921;24.059.986;3936253.46;0.0006324675324675325;0.05846363636363637;-0.015546753246753241;0;77
2023-10;Azure;acct-009;staging;1.700.853;1.353.623;748.539;1.214.999;4.024.587;375555.62;0.0010958333333333334;0.039129166666666666;-0.02834583333333333;0;24
2023-10;Azure;acct-010;dev;633.967;516.038;38.598;486.618;3.024.354;175753.09;0.0016904761904761904;0.011280952380952383;0.04046190476190476;0;21
2023-10;Azure;acct-010;prod;11.799.105;9.133.774;361.215;7.962.395;43.218.283;4965077.92;0.0009144329896907217;0.06082577319587629;0.01517319587628866;0;97
2023-10;Azure;acct-010;staging;2.081.189;1.603.811;85.046;1.428.528;8.986.767;6.752.396.900.000.000;0.0013465116279069767;0.008939534883720929;-0.01674186046511628;0;43
2023-10;GCP;acct-001;dev;7.583.670.000.000.000;550.287;398.213;507.628;1.996.947;175546.41;0.001176190476190476;0.006876190476190476;0.11376666666666667;0;21
2023-10;GCP;acct-001;prod;10.594.188;8.293.504;2.808.217;718.108;24.300.921;4885458.61;0.000497872340425532;0.04138404255319149;0.029406382978723406;0;94
2023-10;GCP;acct-001;staging;1.549.075;1.229.221;653.133;1.083.983;42.018.330.000.000.000;531287.66;0.0008057142857142857;0.014385714285714288;-0.025502857142857143;0;35
2023-10;GCP;acct-002;dev;803.627;634.981;47.337;602.882;2.275.181;202961.85;0.001096;0.021259999999999998;0.025051999999999994;0;25
2023-10;GCP;acct-002;prod;10.144.797;7.830.433;2.911.213;6.759.704;29.342.305;4576755.98;0.0006351648351648351;0.029082417582417582;0.03536263736263737;0;91
2023-10;GCP;acct-002;staging;1.907.613;1.430.339;737.657;1.250.933;411.142;530562.01;0.0007828571428571429;0.09167714285714286;0.05063714285714286;0;35
2023-10;GCP;acct-003;dev;426.263;338.416;26.122.500.000.000.000;319.904;2.366.561;109020.44;0.0019857142857142855;0.055414285714285715;0.0776;0;14
2023-10;GCP;acct-003;prod;9.989.337;7.847.598;3.094.268;6.783.987;3029.29;4820398.45;0.0006430107526881721;0.04775483870967742;0.05633333333333333;0;93
2023-10;GCP;acct-003;staging;1.793.108;1.434.384;816.932;1.275.666;6.253.144;506261.56;0.0012090909090909092;0.06689090909090908;0.06088181818181818;0;33
2023-10;GCP;acct-004;dev;419.148;328.848;247.174;297.648;838.977;121558.69;0.0006666666666666666;0.12685333333333335;0.0017933333333333338;0;15
2023-10;GCP;acct-004;prod;10.458.777;805.361;2.544.687;6.869.607;32.086.057;5015528.15;0.000677319587628866;0.06083711340206186;0.07968865979381444;0;97
2023-10;GCP;acct-004;staging;2.043.567;1.490.151;926.754;1.322.769;4.459.711;506710.82;0.0009121212121212122;0.04421818181818182;0.0009393939393939386;0;33
2023-10;GCP;acct-005;dev;753.155;586.926;438.397;545.927;2.030.362;204415.04;0.0010119999999999999;-0.019452;-0.0010679999999999989;0;25
2023-10;GCP;acct-005;prod;11.629.796;9.016.343;2.743.835;7.660.523;33.771.377;5434619.69;0.0006209523809523809;0.03925619047619048;0.05426380952380953;0;105
2023-10;GCP;acct-005;staging;2.382.078;180.051;922.428;1.565.276;8.002.376;627195.17;0.0013666666666666666;0.03984047619047619;0.06474761904761905;0;42
2023-10;GCP;acct-006;dev;719.824;556.483;414.602;505.572;30.515.840.000.000.000;132372.04;0.002375;0.0922;-0.053575000000000005;0;16
2023-10;GCP;acct-006;prod;1.113.277;847.702;281.203;7.218.911;33.906.654;4944090.81;0.000710204081632653;0.04280816326530612;0.017393877551020405;0;98
2023-10;GCP;acct-006;staging;1.898.373;1.475.236;866.821;1.334.603;7.192.641;614008.8;0.001146153846153846;0.07844102564102565;0.009587179487179487;0;39
2023-10;GCP;acct-007;dev;716.748;565.548;435.128;519.376;2.462.207;202701.6;0.001252;0.017019999999999993;0.045132000000000005;0;25
2023-10;GCP;acct-007;prod;10.328.291;8.113.093;2.746.171;6.960.511;32.787.501;4714978.34;0.0006933333333333333;0.0707711111111111;0.019371111111111113;0;90
2023-10;GCP;acct-007;staging;1.646.121;1.302.003;804.741;1.167.895;35.776.800.000.000.000;459960.27;0.00079;0.09325666666666667;0.03969;0;30
2023-10;GCP;acct-008;dev;60.769;475.133;346.557;438.788;19.272.220.000.000.000;163575.57;0.001205;0.089905;0.14323;0;20
2023-10;GCP;acct-008;prod;11.797.187;9.087.933;32.695.120.000.000.000;7.809.708;34.570.957;5326904.51;0.0006471153846153847;0.0559875;0.0516375;0;104
2023-10;GCP;acct-008;staging;2.214.569;1.679.376;906.175;1.459.454;10.146.469;630471.0;0.0016365853658536586;0.031012195121951223;0.022419512195121952;0;41
2023-10;GCP;acct-009;dev;700.743;533.315;39.092.800.000.000.000;497.079;3.254.885;189537.65;0.001817391304347826;0.06788695652173914;-0.05036956521739131;0;23
2023-10;GCP;acct-009;prod;11.648.778;9.278.876;3.286.484;8.083.614;39.862.916;5480135.57;0.0007196261682242991;0.05362897196261683;0.08067757009345794;0;107
2023-10;GCP;acct-009;staging;254.976;2.032.346;1.221.248;1.794.619;9.900.825;633112.97;0.0015414634146341465;0.04307560975609756;0.10819512195121951;0;41
2023-10;GCP;acct-010;dev;833.983;642.559;483.282;591.819;3.939.256;198858.75;0.0019916666666666668;0.0563875;0.06815833333333333;0;24
2023-10;GCP;acct-010;prod;9.498.499;7.375.503;3.085.904;6.468.737;18.933.712;3988780.56;0.00047564102564102566;0.057753846153846156;0.0009448717948717961;0;78
2023-10;GCP;acct-010;staging;1.930.617;1.468.421;7.471.039.999.999.990;1.300.164;6.047.383;605191.95;0.0010725;0.005972499999999998;0.040087500000000005;0;40
2023-11;AWS;acct-001;dev;11.108.749.999.999.900;873.246;628.341;799.517;2.128.626;173225.12;0.0012227272727272727;0.027345454545454548;0.023877272727272726;0;22
2023-11;AWS;acct-001;prod;13.057.953;10.271.083;3.865.299;8.917.844;35.884.994;4444195.39;0.0007886363636363636;0.05195568181818182;0.01734431818181818;0;88
2023-11;AWS;acct-001;staging;3.838.761;2.975.065;1.747.355;2.591.958;14.563.093;678692.03;0.002202222222222222;0.03720666666666667;-0.016193333333333334;0;45
2023-11;AWS;acct-002;dev;1.149.713;874.021;640.843;8.225.280.000.000.000;2.405.195;192495.33;0.001275;0.06355;0.11512083333333334;0;24
2023-11;AWS;acct-002;prod;14.988.984;11.550.322;4.457.065;9.981.245;57.966.741;4656760.13;0.0012666666666666668;0.06917666666666666;0.04518111111111111;0;90
2023-11;AWS;acct-002;staging;3.199.803;2.541.841;1.153.671;2.197.103;8.626.028;560933.09;0.0015138888888888888;0.057055555555555554;0.0666;0;36
2023-11;AWS;acct-003;dev;123.83;1.039.047;79.186;978.588;7.342.009;214129.96;0.0035923076923076924;0.06130769230769231;0.031246153846153847;0;26
2023-11;AWS;acct-003;prod;14.011.548;10.721.838;36.942.379.999.999.900;9.210.209;40.631.044;5200015.79;0.0007584158415841584;0.06851485148514852;0.061061386138613866;0;101
2023-11;AWS;acct-003;staging;2.979.684;2.344.924;1.184.768;206.883;12.910.722;460605.01;0.00286;0.08252666666666666;0.11032666666666667;0;30
2023-11;AWS;acct-004;dev;11.914.059.999.999.900;997.077;739.021;910.445;3.624.013;203895.34;0.001784;0.008483999999999997;0.18174800000000002;0;25
2023-11;AWS;acct-004;prod;13.872.612;10.255.112;3.717.831;8.866.644;48.779.525;4417664.99;0.0010839080459770114;0.07830804597701149;0.04836666666666667;0;87
2023-11;AWS;acct-004;staging;244.194;2.010.763;987.949;1.721.578;7.300.136;558492.23;0.0013166666666666665;0.009136111111111112;0.024972222222222222;0;36
2023-11;AWS;acct-005;dev;729.254;581.404;421.823;540.247;18.438.060.000.000.000;147045.04;0.001238888888888889;0.031483333333333335;0.03345555555555555;0;18
2023-11;AWS;acct-005;prod;15.848.479;12.361.087;4.824.519;10.785.661;61.920.091;5283859.03;0.0011971153846153846;0.04880961538461538;0.04632596153846154;0;104
2023-11;AWS;acct-005;staging;275.582;2.166.497;1.357.109;1.968.948;11.901.874;588025.22;0.002;0.05401081081081081;0.05711081081081082;0;37
2023-11;AWS;acct-006;dev;135.239;106.619;814.852;1.005.091;31.282.439.999.999.900;256029.16;0.0012258064516129032;0.06414516129032259;0.07060000000000001;0;31
2023-11;AWS;acct-006;prod;1326.96;10.304.569;3.576.171;8.923.264;4.854.505;4291519.44;0.0011714285714285715;0.03215476190476191;0.057038095238095235;0;84
2023-11;AWS;acct-006;staging;3.047.051;2.453.116;1.286.908;2.119.536;6.152.707;549072.34;0.0011228571428571429;0.059005714285714286;0.06928571428571428;0;35
2023-11;AWS;acct-007;dev;1.644.239;1.262.242;90.878;1.116.728;5.244.812;237089.35;0.002206896551724138;0.07812758620689654;0.041489655172413785;0;29
2023-11;AWS;acct-007;prod;1.416.097;11.173.992;3.626.171;9.575.517;36.071.074;4151872.53;0.0008444444444444444;0.08709876543209877;0.11523827160493828;0;81
2023-11;AWS;acct-007;staging;2.547.673;1.896.607;1.056.319;1.626.115;11.239.066;492815.96;0.0022;0.0944125;0.058153125;0;32
2023-11;AWS;acct-008;dev;1.213.342;906.231;677.296;849.959;3.961.277;226253.61;0.0018107142857142855;0.023139285714285716;0.03458571428571429;0;28
2023-11;AWS;acct-008;prod;11.781.078;8.981.817;3.078.749;7.748.032;32.430.548;3911171.39;0.0008513157894736841;0.09123947368421052;0.07985657894736843;0;76
2023-11;AWS;acct-008;staging;3.481.481;2.742.442;1.533.515;2.401.188;9.660.289;623192.72;0.0015439024390243902;0.08759024390243902;0.011824390243902437;0;41
2023-11;AWS;acct-009;dev;1.066.859;858.226;643.716;772.376;4.320.384;19.299.811.000.000.000;0.0022083333333333334;0.059625000000000004;0.04440416666666666;0;24
2023-11;AWS;acct-009;prod;16.321.998;12.722.571;4.556.778;11.004.759;44.059.828;5217047.6;0.0008277227722772278;0.06945544554455445;0.03302871287128713;0;101
2023-11;AWS;acct-009;staging;35.135.470.000.000.000;2.785.569;1.299.845;2.431.196;14.606.951;598304.37;0.0024125;0.057694999999999996;0.0828575;0;40
2023-11;AWS;acct-010;dev;10.193.119.999.999.900;837.632;611.436;751.638;2.757.567;143355.08;0.0019764705882352944;-0.0004176470588235291;0.03037058823529412;0;17
2023-11;AWS;acct-010;prod;15.843.713;12.092.619;4.606.371;10.401.504;56.727.162;4650471.23;0.0012559139784946236;0.038946236559139785;0.09338172043010752;0;93
2023-11;AWS;acct-010;staging;3.956.267;3.065.419;177.811;2.664.372;7.304.718;722399.74;0.0010148936170212765;0.03691063829787234;0.04974468085106383;0;47
2023-11;Azure;acct-001;dev;999.472;785.972;603.126;718.615;1.948.191;179897.57;0.0011238095238095239;0.03544761904761905;0.05205714285714286;0;21
2023-11;Azure;acct-001;prod;11.820.311;8.884.453;3.377.521;7.658.415;3051.5;4504389.92;0.0007034482758620689;0.0635287356321839;0.04532183908045977;0;87
2023-11;Azure;acct-001;staging;3.291.441;2.570.854;1.370.487;2.151.498;11.879.998;670064.32;0.0018666666666666669;0.02638;0.060395555555555556;0;45
2023-11;Azure;acct-002;dev;1.027.903;778.019;553.071;724.245;2.397.663;16.202.613.999.999.900;0.00146;0.045079999999999995;-0.020429999999999997;0;20
2023-11;Azure;acct-002;prod;1.245.282;9.503.045;2.966.053;8.108.574;40.529.022;4210946.94;0.0009698795180722892;0.041233734939759036;-0.025931325301204816;0;83
2023-11;Azure;acct-002;staging;3.391.266;2.617.965;1.613.711;233.078;16.118.868;618644.36;0.0025463414634146345;0.07743658536585366;0.05033658536585366;0;41
2023-11;Azure;acct-003;dev;1.073.791;819.267;610.808;763.017;3.896.297;204557.43;0.001884;-0.006144000000000003;0.044388000000000004;0;25
2023-11;Azure;acct-003;prod;1.195.339;9.306.941;3.199.229;814.59;29.990.745;3881423.41;0.0007802631578947368;0.026835526315789473;0.04626973684210526;0;76
2023-11;Azure;acct-003;staging;4.112.106;3.200.451;1.886.382;2.774.058;1.787.709;749381.94;0.0023408163265306123;0.07069795918367347;0.05978571428571428;0;49
2023-11;Azure;acct-004;dev;683.486;528.918;390.102;485.076;1.517.495;132985.55;0.0010999999999999998;0.141875;0.09413124999999999;0;16
2023-11;Azure;acct-004;prod;13.813.287;10.486.041;3.650.877;9.030.581;3.642.928;4385709.11;0.000811764705882353;0.05085529411764706;0.03850823529411765;0;85
2023-11;Azure;acct-004;staging;3.086.361;2.316.565;1.375.354;2.024.292;6.900.794;688939.69;0.0009977272727272727;0.017802272727272726;0.09911363636363636;0;44
2023-11;Azure;acct-005;dev;9.882.220.000.000.000;752.904;574.889;688.115;2.430.701;187989.31;0.0012652173913043478;0.048295652173913045;0.020730434782608692;0;23
2023-11;Azure;acct-005;prod;12.862.292;10.130.583;4.084.816;8.790.139;45.084.786;4225288.39;0.001094047619047619;0.05765714285714285;0.05348095238095238;0;84
2023-11;Azure;acct-005;staging;1.725.728;13.300.209.999.999.900;651.635;1.194.153;3.788.472;320688.29;0.00118;0.068925;0.158325;0;20
2023-11;Azure;acct-006;dev;1.172.949;916.179;672.405;862.954;2.015.157;253458.03;0.0008;0.018519999999999995;0.08853333333333334;0;30
2023-11;Azure;acct-006;prod;13.704.073;10.763.095;4.363.462;9.431.139;49.047.214;4463747.16;0.001157471264367816;0.0726103448275862;0.014835632183908045;0;87
2023-11;Azure;acct-006;staging;2.699.134;2.121.678;1.159.811;1.818.921;12.995.666.999.999.900;555576.31;0.002375;0.048141666666666666;0.019755555555555554;0;36
2023-11;Azure;acct-007;dev;979.344;74.953;562.299;689.899;43.875.600.000.000.000;168790.71;0.002676190476190476;-0.01886666666666667;0.07306190476190476;0;21
2023-11;Azure;acct-007;prod;13.409.523;10.237.504;3.352.948;8.729.389;48.999.107;4700138.74;0.0010322222222222221;0.04956666666666667;0.037538888888888886;0;90
2023-11;Azure;acct-007;staging;3.309.837;2.594.128;1.340.097;2.225.232;6.190.231;607524.21;0.0010384615384615384;0.05407948717948717;0.05322564102564103;0;39
2023-11;Azure;acct-008;dev;966.831;765.499;565.796;723.222;2.342.065;193123.94;0.0012043478260869566;-0.005808695652173913;0.01288695652173913;0;23
2023-11;Azure;acct-008;prod;15.332.504;11.757.046;3.477.259;10.080.848;54.443.043;5223961.34;0.0010326732673267328;0.047475247524752476;0.038295049504950496;0;101
2023-11;Azure;acct-008;staging;2.423.404;1.786.039;953.047;1.575.748;7.342.917;476594.94;0.0016193548387096774;0.06438387096774194;0.020593548387096778;0;31
2023-11;Azure;acct-009;dev;946.309;75.292;548.481;692.676;1.263.258;194187.98;0.0006708333333333333;0.03832083333333333;-0.01025416666666667;0;24
2023-11;Azure;acct-009;prod;14.411.971;1.087.141;4.013.315;9.419.663;3.538.548;4352593.67;0.0008151162790697674;0.0573906976744186;0.0885046511627907;0;86
2023-11;Azure;acct-009;staging;2.771.419;2.163.076;11.954.599.999.999.900;1.925.793;6.805.192;524053.32;0.0012942857142857142;0.04376;0.09283428571428572;0;35
2023-11;Azure;acct-010;dev;754.321;581.345;441.366;518.782;3.125.145;146820.92;0.0021833333333333336;0.0800111111111111;0.09923333333333334;0;18
2023-11;Azure;acct-010;prod;13.719.301;10.634.414;4.224.845;9.180.436;43.944.415;4434877.59;0.0009942528735632182;0.07775172413793104;0.0553528735632184;0;87
2023-11;Azure;acct-010;staging;2.800.904;2.134.133;1.065.273;1.885.883;5.740.267;639880.61;0.0008975609756097561;0.03571951219512195;0.11529999999999999;0;41
2023-11;GCP;acct-001;dev;10.561.670.000.000.000;821.375;650.238;758.579;27.106.100.000.000.000;185559.3;0.0014434782608695653;0.07027826086956522;0.05593913043478261;0;23
2023-11;GCP;acct-001;prod;12.143.614;9.335.604;3.564.972;8.079.679;47.506.951;4598307.29;0.0010478260869565218;0.06119347826086956;0.032;0;92
2023-11;GCP;acct-001;staging;1.806.361;1.375.976;752.897;1.207.583;4.462.672;417185.35;0.001074074074074074;0.1194;0.060048148148148156;0;27
2023-11;GCP;acct-002;dev;1.173.053;906.674;641.335;800.238;3.237.835;225836.48;0.0014678571428571427;0.0632607142857143;0.10840357142857145;0;28
2023-11;GCP;acct-002;prod;14.033.514;10.747.729;4.473.391;9.377.997;40.465.277;4707289.4;0.0008804347826086957;0.06649021739130434;0.004048913043478261;0;92
2023-11;GCP;acct-002;staging;2.451.246;1.949.278;1.080.933;1.741.748;5.911.345;549009.48;0.0010944444444444443;0.03269444444444444;0.031091666666666667;0;36
2023-11;GCP;acct-003;dev;957.164;742.906;541.822;687.048;3.071.737;219458.38;0.0014444444444444444;0.0650074074074074;0.07150740740740742;0;27
2023-11;GCP;acct-003;prod;12.851.101;9.865.169;3.329.151;8.471.633;30.533.472;4404455.65;0.0007023255813953488;0.02899186046511628;0.0355;0;86
2023-11;GCP;acct-003;staging;20.726.579.999.999.900;1.607.034;859.663;1.398.025;4.404.153;454610.93;0.0009733333333333333;0.04008;0.12242666666666667;0;30
2023-11;GCP;acct-004;dev;926.814;653.169;461.323;604.744;3.565.689;190945.66;0.0018956521739130435;-0.020847826086956518;0.056747826086956527;0;23
2023-11;GCP;acct-004;prod;13.197.474;10.019.524;2.864.722;844.482;30.797.208;4954724.76;0.0006257731958762886;0.031184536082474228;0.07447113402061856;0;97
2023-11;GCP;acct-004;staging;320.772;2.480.438;1.348.313;21.661.440.000.000.000;1147.55;568113.43;0.0020648648648648646;0.028556756756756757;0.1321972972972973;0;37
2023-11;GCP;acct-005;dev;860.963;67.075;508.543;618.579;2.112.765;195724.43;0.0010708333333333334;0.0365375;0.03738333333333333;0;24
2023-11;GCP;acct-005;prod;12.758.519.000.000.000;9.605.003;4.064.293;8.422.537;35.737.539;4404701.25;0.0008151162790697674;0.006579069767441859;0.058906976744186046;0;86
2023-11;GCP;acct-005;staging;3.735.755;2.989.165;139.292;262.461;10.337.139;8.321.175.700.000.000;0.0012537037037037037;0.04318333333333334;0.054155555555555554;0;54
2023-11;GCP;acct-006;dev;1.007.511;7.948.479.999.999.990;608.185;741.635;40.023.810.000.000.000;203049.62;0.0020239999999999998;0.071272;0.09479599999999999;0;25
2023-11;GCP;acct-006;prod;13.107.767.000.000.000;10.040.766;3.031.993;8.521.455;42.071.256;4353523.91;0.0009767441860465116;0.0378046511627907;0.020988372093023257;0;86
2023-11;GCP;acct-006;staging;266.72;2.081.076;1.047.188;1.825.199;5.694.971;554742.2;0.0010416666666666667;0.05330833333333333;0.09343611111111111;0;36
2023-11;GCP;acct-007;dev;1.023.105;819.241;62.052;748.731;2.809.588;174206.04;0.0015952380952380953;0.06479047619047619;0.11087619047619049;0;21
2023-11;GCP;acct-007;prod;14.750.377;11.382.684;3.918.753;9.794.061;47.470.666;4825467.21;0.0009925531914893617;0.06763297872340425;0.05262234042553192;0;94
2023-11;GCP;acct-007;staging;3.313.958;262.862;1.404.185;231.232;11.142.746;648097.27;0.0017046511627906978;0.03415348837209302;0.058465116279069765;0;43
2023-11;GCP;acct-008;dev;86.889;6.438.329.999.999.990;50.109;57.564;3.687.457;175558.43;0.0020285714285714286;0.03833809523809524;0.10586666666666668;0;21
2023-11;GCP;acct-008;prod;14.348.465;11.064.951;4.083.516;9.613.519;47.532.009;4761761.72;0.0010139784946236559;0.08477096774193549;0.04643333333333333;0;93
2023-11;GCP;acct-008;staging;2.681.854;2.102.664;1.116.767;1.828.182;6.573.134;552786.71;0.0011638888888888888;0.04611944444444444;0.05196944444444444;0;36
2023-11;GCP;acct-009;dev;1.327.445;1.000.641;6.935.040.000.000.000;92.789;5.730.974;222277.42;0.002640740740740741;0.04694074074074074;0.04513703703703704;0;27
2023-11;GCP;acct-009;prod;11.336.225;8.755.638;2.808.695;7.510.872;51.815.114;4415231.09;0.0012094117647058825;0.05255411764705883;0.07140823529411765;0;85
2023-11;GCP;acct-009;staging;1.697.471;1.276.445;708.203;11.170.570.000.000.000;4.285.145;427539.81;0.0010607142857142857;0.07997857142857143;0.06041071428571428;0;28
2023-11;GCP;acct-010;dev;1.095.894;882.992;640.912;809.196;3.468.839;195955.2;0.0017791666666666667;0.051887499999999996;-0.028625;0;24
2023-11;GCP;acct-010;prod;11.285.095;894.351;3.338.581;7.699.176;42.917.136;4169380.24;0.0010146341463414634;0.06765609756097561;0.04081097560975609;0;82
2023-11;GCP;acct-010;staging;2.882.541;2.143.044;1.138.019;1.899.249;7.428.837;633058.39;0.0011878048780487806;0.07519999999999999;0.04879268292682927;0;41
2023-12;AWS;acct-001;dev;1.521.911;1.102.885;803.132;10.045.139.999.999.900;529.485;200194.04;0.0026791666666666665;0.045962499999999996;0.13439583333333335;0;24
2023-12;AWS;acct-001;prod;14.862.623;11.536.164;42.649.739.999.999.900;9.882.139.999.999.990;3.634.649;4510583.38;0.0008193181818181818;0.020634090909090907;0.03292272727272728;0;88
2023-12;AWS;acct-001;staging;3.371.306;2.577.491;1.557.002;2.260.551;11.296.642;628414.4;0.0017880952380952381;0.016428571428571428;0.011361904761904759;0;42
2023-12;AWS;acct-002;dev;1.142.205;876.905;667.944;802.995;3.639.043;23.845.358.000.000.000;0.00151;0.041139999999999996;0.045646666666666676;0;30
2023-12;AWS;acct-002;prod;11.187.491;8.555.495;3.287.115;7.406.493;21.524.181;4047972.32;0.0005358974358974359;0.06654743589743589;0.07683717948717948;0;78
2023-12;AWS;acct-002;staging;3.796.665;289.24;1.668.545;2.605.446;8.870.064;799817.45;0.0011823529411764705;0.03871960784313725;0.10176078431372548;0;51
2023-12;AWS;acct-003;dev;12.135.040.000.000.000;993.774;740.688;908.115;33.440.700.000.000.000;201085.41;0.00164;0.049611999999999996;0.05448;0;25
2023-12;AWS;acct-003;prod;12.965.285;10.012.128;3.790.983;8.720.253;32.657.115;4751843.32;0.0006911111111111111;0.056487777777777776;0.05610444444444445;0;90
2023-12;AWS;acct-003;staging;3.185.693;2.486.924;1.309.267;217.049;8.045.036;654815.24;0.0012166666666666667;0.01637142857142857;0.0436047619047619;0;42
2023-12;AWS;acct-004;dev;914.534;750.369;549.114;677.358;1.869.997;164135.12;0.0011300000000000001;0.008015000000000005;-0.018370000000000004;0;20
2023-12;AWS;acct-004;prod;13.079.555;10.477.505;3.955.463;9.132.499;34.230.368;4045121.41;0.0008443037974683544;0.04639873417721519;0.04139620253164557;0;79
2023-12;AWS;acct-004;staging;3.764.955;2.846.845;1.588.127;2.478.259;15.179.859.999.999.900;737291.61;0.00209375;0.05810208333333333;0.102375;0;48
2023-12;AWS;acct-005;dev;95.094;758.484;56.948;712.436;4.573.139;130867.17;0.00351875;0.010306249999999998;0.11451875;0;16
2023-12;AWS;acct-005;prod;16.462.311;12.653.347;4.462.151;10.878.207;50.482.247;4994406.69;0.0010090909090909091;0.05848686868686869;0.04957979797979798;0;99
2023-12;AWS;acct-005;staging;253.986;2.021.013;1.212.303;1.828.279;4.959.137;465381.04;0.0011193548387096774;0.07006129032258064;0.047703225806451616;0;31
2023-12;AWS;acct-006;dev;1.313.055;101.973;78.456;952.031;1.935.381;204948.72;0.000936;0.019143999999999998;0.186416;0;25
2023-12;AWS;acct-006;prod;14.686.228;1.135.338;4.081.718;9.845.618;35.465.648;4667089.47;0.0007849462365591397;0.034753763440860216;0.0017494623655913979;0;93
2023-12;AWS;acct-006;staging;3.380.696;2.582.109;1.321.342;227.428;8.552.553;616062.95;0.001425;0.052890000000000006;0.04688;0;40
2023-12;AWS;acct-007;dev;1.056.143;809.524;598.391;737.202;4.137.383;186159.03;0.002231818181818182;0.0948590909090909;0.13209545454545454;0;22
2023-12;AWS;acct-007;prod;14.399.415;11.353.615;4.985.495;9.982.055;54.809.407;4630871.11;0.0011855555555555556;0.09486888888888889;0.03286666666666666;0;90
2023-12;AWS;acct-007;staging;2.743.579;2.162.952;1.173.774;1.935.501;7.190.966;595592.67;0.0012210526315789474;0.06266315789473685;0.11758157894736841;0;38
2023-12;AWS;acct-008;dev;809.372;649.711;491.928;590.749;296.853;132870.66;0.0021529411764705884;0.005029411764705882;-0.022741176470588237;0;17
2023-12;AWS;acct-008;prod;14.002.404;1.092.442;3.478.084;9.251.857;44.339.395;4125277.2;0.0011085365853658537;0.04941585365853659;0.001070731707317073;0;82
2023-12;AWS;acct-008;staging;3.077.352;241.942;1.436.303;2.136.747;8.317.086;530455.28;0.001588235294117647;0.07137058823529412;0.021835294117647057;0;34
2023-12;AWS;acct-009;dev;110.254;876.151;682.772;827.667;5.547.084;205707.35;0.0026;0.044172;0.081612;0;25
2023-12;AWS;acct-009;prod;17.410.195;13.389.073;4.840.722;11.517.883;41.905.393;5001719.87;0.0008195876288659793;0.051922680412371136;0.034434020618556695;0;97
2023-12;AWS;acct-009;staging;3.934.289;3.084.374;1.737.037;2.794.513;14.864.915;622648.72;0.0023775;0.04915;0.06885;0;40
2023-12;AWS;acct-010;dev;1.366.745;1.059.033;829.769;1.003.661;2.749.243;267783.07;0.0010406249999999999;0.08070625000000001;0.143065625;0;32
2023-12;AWS;acct-010;prod;10.855.217;8.479.122;2.898.691;7.262.853;28.870.965;3949086.45;0.0007342105263157895;0.023768421052631578;0.028196052631578948;0;76
2023-12;AWS;acct-010;staging;4.767.371;3.754.863;223.327;3.386.473;17.631.955;877816.47;0.002068421052631579;0.043249122807017544;0.0034578947368421042;0;57
2023-12;Azure;acct-001;dev;1.072.151;800.625;619.229;731.475;2.240.049;175205.66;0.0012761904761904763;0.03837142857142857;0.10906190476190475;0;21
2023-12;Azure;acct-001;prod;12.936.612;999.773;354.162;8.653.987;40.510.689;4617866.06;0.0008822222222222222;0.07605555555555556;0.017916666666666668;0;90
2023-12;Azure;acct-001;staging;2.459.942;1.789.344;1.065.636;1.592.341;6.842.817;521875.45;0.001297142857142857;0.01211142857142857;0.10032;0;35
2023-12;Azure;acct-002;dev;742.561;566.455;42.297;530.919;2.797.444;164730.19;0.0017849999999999997;0.021775000000000003;0.029059999999999996;0;20
2023-12;Azure;acct-002;prod;1.369.688;10.763.884;3.149.689;9.162.441;41.225.488.000.000.000;4331596.6;0.0009258823529411763;0.07886;0.09850705882352942;0;85
2023-12;Azure;acct-002;staging;1.520.112;1.160.117;632.891;1.035.431;3.676.322;364585.71;0.0009833333333333332;0.008779166666666668;0.09942916666666668;0;24
2023-12;Azure;acct-003;dev;944.517;725.902;516.638;66.311;2.177.168;152122.21;0.0014578947368421053;0.05234210526315789;0.04184736842105263;0;19
2023-12;Azure;acct-003;prod;16.126.928;12.650.347;4.358.425;10.878.114;53.043.889;5253793.58;0.001050485436893204;0.049290291262135924;0.02980873786407767;0;103
2023-12;Azure;acct-003;staging;3.005.826;2.339.635;1.240.103;2.044.452;8.060.947;599257.51;0.001341025641025641;0.08014102564102564;0.050028205128205126;0;39
2023-12;Azure;acct-004;dev;865.275;661.785;504.061;629.267;1.167.824;157174.98;0.0007473684210526317;0.009847368421052629;0.08487894736842105;0;19
2023-12;Azure;acct-004;prod;11.939.355;8.878.758;311.19;7.631.849;33.607.643;4511164.63;0.0007238636363636364;0.05733522727272727;-0.002135227272727273;0;88
2023-12;Azure;acct-004;staging;3.584.959;2.817.161;1.598.133;2.515.743;12.249.252.999.999.900;859943.75;0.0014375;0.05248928571428572;0.06188928571428571;0;56
2023-12;Azure;acct-005;dev;484.848;36.022.800.000.000.000;247.789;33.656;905.086;9.771.768.000.000.000;0.0009000000000000001;0.004241666666666666;0.04576666666666666;0;12
2023-12;Azure;acct-005;prod;12.361.841;9.836.367;3.040.705;8.388.802.000.000.000;45.732.119;4217163.44;0.0010951807228915661;0.03973614457831326;0.05185421686746988;0;83
2023-12;Azure;acct-005;staging;32.281.759.999.999.900;25.107.500.000.000.000;1.517.086;2.292.323;9.390.783;646933.7;0.001430952380952381;0.08773571428571428;0.12394999999999999;0;42
2023-12;Azure;acct-006;dev;1.628.118;1.281.824;948.162;1.155.484;3.209.339;233958.47;0.0013535714285714286;0.06426071428571428;0.05833571428571429;0;28
2023-12;Azure;acct-006;prod;11.840.387;9.359.288;4.067.095;8.205.212;37.960.061;4596033.89;0.0008325842696629214;0.04958876404494382;0.028612359550561798;0;89
2023-12;Azure;acct-006;staging;2.242.785;174.097;1.087.278;1.530.091;3.929.997;527485.62;0.0007606060606060606;0.03720909090909091;0.051736363636363636;0;33
2023-12;Azure;acct-007;dev;1.004.674;793.822;570.938;695.245;2.599.662;15.842.641.999.999.900;0.0016526315789473682;0.02739473684210526;0.13310526315789473;0;19
2023-12;Azure;acct-007;prod;13.480.829;1.034.375;3.899.312;8.907.189;47.726.791;4472969.66;0.0010965116279069767;0.08829767441860464;0.04045;0;86
2023-12;Azure;acct-007;staging;3.311.115;2.631.024;1.486.185;2.322.874;11.254.382;589579.65;0.0019263157894736842;0.025928947368421055;0.07024473684210526;0;38
2023-12;Azure;acct-008;dev;11.588.159.999.999.900;921.436;721.903;830.636;3.459.783;193843.09;0.0017652173913043478;0.026969565217391307;-0.00974782608695652;0;23
2023-12;Azure;acct-008;prod;13.804.263;10.763.626;4.332.814;9.350.139;47.244.176;5042382.01;0.0009350515463917526;0.049387628865979374;0.07095463917525774;0;97
2023-12;Azure;acct-008;staging;314.306;23.355.610.000.000.000;1.354.494;2.049.539;6.810.641;668614.96;0.0010372093023255813;0.043802325581395345;0.03828837209302326;0;43
2023-12;Azure;acct-009;dev;10.382.130.000.000.000;788.237;55.431;718.339;224.798;192027.37;0.0011956521739130434;0.03330869565217391;0.06391304347826088;0;23
2023-12;Azure;acct-009;prod;12.556.551;9.888.799;3.537.572;8.544.638;36.589.826;4381301.02;0.0008211764705882353;0.05445176470588235;0.07082117647058823;0;85
2023-12;Azure;acct-009;staging;2.907.967;2.257.482;1.410.672;1.965.184;13.809.452;5.938.098.200.000.000;0.002287179487179487;0.00427948717948718;-0.03017948717948718;0;39
2023-12;Azure;acct-010;dev;1.336.432;1.014.554;77.286;935.428;2.151.327;228069.38;0.0009392857142857143;0.09568214285714285;0.07952857142857142;0;28
2023-12;Azure;acct-010;prod;13.197.533;9.988.909;3.862.026;8.755.398;46.892.139;4731980.84;0.0010065217391304348;0.052915217391304344;0.06932608695652175;0;92
2023-12;Azure;acct-010;staging;2.593.448;1.955.754;119.381;1.784.146;6.170.637;634699.97;0.0009857142857142857;0.05761190476190475;-0.00935714285714286;0;42
2023-12;GCP;acct-001;dev;1.058.227;826.665;61.803.000.000.000.000;762.776;2.177.024;165780.71;0.0013700000000000001;-0.0103;0.073065;0;20
2023-12;GCP;acct-001;prod;12.826.767;1004.37;314.295;8.476.865;31.590.056;4719179.15;0.0006904255319148936;0.033680851063829786;0.04909787234042553;0;94
2023-12;GCP;acct-001;staging;3.607.372;278.407;1.630.135;25.158.169.999.999.900;13.142.107;788504.06;0.001715686274509804;0.05369607843137255;0.007819607843137255;0;51
2023-12;GCP;acct-002;dev;1.157.231;90.955;655.724;837.364;2.677.436;265187.75;0.001;-0.018842424242424244;0.017548484848484848;0;33
2023-12;GCP;acct-002;prod;13.650.707;10.678.576;3.570.928;9.141.379;57.210.084;4995352.72;0.0011448979591836734;0.05542040816326531;0.05326224489795918;0;98
2023-12;GCP;acct-002;staging;3.681.521;2.838.601;1.477.434;2.484.851;12.169.357;713291.92;0.0017326086956521737;0.059521739130434785;0.04497608695652174;0;46
2023-12;GCP;acct-003;dev;11.545.750.000.000.000;83.11;641.147;763.539;3.222.455;208889.42;0.001652;-0.038967999999999996;-0.0061800000000000015;0;25
2023-12;GCP;acct-003;prod;1.240.657;9.666.936;3.490.861;8.362.345;38.851.357;4378788.15;0.0009095238095238095;0.07744285714285715;0.06589404761904762;0;84
2023-12;GCP;acct-003;staging;268.049;2.087.666;1.073.536;1.815.811;8.410.446.999.999.990;574986.23;0.0014815789473684212;0.03881315789473684;0.009176315789473682;0;38
2023-12;GCP;acct-004;dev;69.405;509.582;38.542.699.999.999.900;470.637;1.604.448;138478.04;0.001164705882352941;0.11097058823529413;0.034129411764705894;0;17
2023-12;GCP;acct-004;prod;12.901.539;10.099.513;3.279.595;8.646.495;45.569.243;5055037.01;0.000903;0.059435;0.050787000000000006;0;100
2023-12;GCP;acct-004;staging;2.516.695;199.991;1.021.724;1.780.161;6.184.483;576541.19;0.0010842105263157895;0.0638157894736842;0.14730000000000001;0;38
2023-12;GCP;acct-005;dev;1.395.014;1.089.454;793.815;1.002.077;3.274.475;232346.99;0.0014517241379310344;0.05598275862068965;0.017886206896551723;0;29
2023-12;GCP;acct-005;prod;14.697.697;11.541.271;4.868.803;10.149.128;38.555.175;5509018.94;0.0006953703703703704;0.019705555555555556;0.09218425925925926;0;108
2023-12;GCP;acct-005;staging;3.324.818;2.548.716;1.366.455;2.248.776;9.972.588.000.000.000;702916.93;0.0013733333333333334;0.04315555555555555;0.05612444444444444;0;45
2023-12;GCP;acct-006;dev;950.583;707.063;528.667;659.818;4.187.425;192419.12;0.0023875000000000003;0.044429166666666665;-0.01675;0;24
2023-12;GCP;acct-006;prod;14.436.459;1.106.066;3.624.798;9.442.097;53.532.681;5063625.95;0.0010948979591836733;0.08384183673469388;0.0769826530612245;0;98
2023-12;GCP;acct-006;staging;2.136.472;1.664.658;959.066;1.479.391;8.192.482;542592.12;0.0014114285714285715;0.014225714285714283;0.015162857142857145;0;35
2023-12;GCP;acct-007;dev;922.007;70.523;537.649;667.982;18.697.820.000.000.000;184394.51;0.001019047619047619;0.014690476190476195;0.12006666666666665;0;21
2023-12;GCP;acct-007;prod;15.309.802;11.942.415;4.564.952;10.390.169;40.269.575;5481136.76;0.0007443396226415094;0.04113490566037736;0.04446698113207547;0;106
2023-12;GCP;acct-007;staging;3.548.775;2.791.945;1.512.592;2.455.538;13.089.955;687584.94;0.001986666666666667;0.02883555555555556;0.046462222222222224;0;45
2023-12;GCP;acct-008;dev;809.325;60.519.800.000.000.000;447.535;55.302;1.977.207;161430.23;0.001245;0.128605;0.12507;0;20
2023-12;GCP;acct-008;prod;16.546.061;12.751.033;4.641.401;11.033.297;48.666.422;5658629.01;0.0008568807339449542;0.051172477064220186;0.010641284403669724;0;109
2023-12;GCP;acct-008;staging;2.821.559;221.505;1.334.544;2.004.116;981.247;626518.79;0.001555;0.0615825;0.0763525;0;40
2023-12;GCP;acct-009;dev;11.996.170.000.000.000;967.604;704.905;879.858;26.165.319.999.999.900;221656.11;0.0011481481481481481;0.01509259259259259;0.12694444444444444;0;27
2023-12;GCP;acct-009;prod;12.388.587;9.399.247;332.427;8.094.811;3.847.025;4349290.07;0.0008752941176470587;0.06994470588235294;0.08104;0;85
2023-12;GCP;acct-009;staging;3.098.276;24.053.390.000.000.000;1.390.804;2.120.879;7.267.907;675855.33;0.0010818181818181818;0.039159090909090914;0.027429545454545453;0;44
2023-12;GCP;acct-010;dev;823.531;681.782;530.814;652.963;3.874.285;133609.16;0.0029625;0.09531875;0.11640625;0;16
2023-12;GCP;acct-010;prod;12.434.761;9.622.989;318.956;8.252.273;41.511.073;4619099.45;0.0008769230769230769;0.015595604395604395;0.06611648351648353;0;91
2023-12;GCP;acct-010;staging;2.109.101;1.661.977;893.519;1.435.154;5.365.577;483214.8;0.0011387096774193547;-0.011309677419354836;0.010109677419354837;0;31
